"COD","Articulo","Destino_Talleristas","Destino_Tipo","Caja","Item","Sector_Parte","Descripcion_Parte","Partes_x_uni","Rubro","Origen","Origen_Tipo","Flujo_proceso"
"026","Colador N°8","Lopez Jose","Prov Art Terminado","","1","","Cartón 026","1","Otros","Compra Otros","compra","Compra (Otros) → Cartón 026 ▣"
"027","Colador N°10","Lopez Jose","Prov Art Terminado","","1","","Cartón 027","1","Otros","Compra Otros","compra","Compra (Otros) → Cartón 027 ▣"
"029","Colador N°16","Lopez Jose","Prov Art Terminado","","1","","Cartón 029","1","Otros","Compra Otros","compra","Compra (Otros) → Cartón 029 ▣"
"031","Filtro De Café","Poly","Tallerista","","1","","Cartón 031","1","Cartones","Compra Cartones","compra","Compra (Cartones) → Cartón 031 ▣"
"031","Filtro De Café","Poly","Tallerista","","2","FC3","Alambre Filtro Café","1","Otros","Fleje 90","matriz","Fleje 90 → 〔Mat Charcas〕 → FC3 ▣"
"034","Filtro De Cafe Gastronomi","Poly","Tallerista","","1","","Cartón 034","1","Cartones","Compra Cartones","compra","Compra (Cartones) → Cartón 034 ▣"
"034","Filtro De Cafe Gastronomi","Poly","Tallerista","","2","FB3B","Alambre Filtro Café Gast","1","Otros","Fleje 90B","matriz","Fleje 90B → 〔Mat Charcas〕 → FB3B ▣"
"035E","Cernidor de Harina","Garcia","Tallerista","","1","035E-CC","Caja chica 035E","0.083333","Importados","035E-CC (sin proveedor)","compra","035E-CC (sin proveedor) → 035E-CC ▣"
"035E","Cernidor de Harina","Garcia","Tallerista","","2","035E-MC","Mastercaja 035E","0.020833","Importados","035E-MC (sin proveedor)","compra","035E-MC (sin proveedor) → 035E-MC ▣"
"043","3 en 1 CH","Martin","Tallerista","","1","C3","3 En 1 Sin Marca","1","Otros","Fleje 6","matriz","Fleje 6 → 〔Mat 32 (Corte Cuerpo 3 en 1)〕 → Mat 32 → 〔Mat 33 (Estampado Cuerpo 3 en 1)〕 → JF12 → 〔Pedernera (Cromado)〕 → C3 ▣"
"043","3 en 1 CH","Martin","Tallerista","","2","","Cartón 043","1","Cartones","Compra Cartones","compra","Compra (Cartones) → Cartón 043 ▣"
"043","3 en 1 CH","Martin","Tallerista","","3","C10","Uña Zincada","1","Otros","Fleje 57","matriz","Fleje 57 → 〔Mat 29 (Corte Uña)〕 → LF13 → 〔FAAT (Cementado)〕 → ST → 〔Guazzaroni (Zincado)〕 → C10 ▣"
"043","3 en 1 CH","Martin","Tallerista","","4","PA2","Plaquita 3 - 1 Blan.","1","Otros","PA2 (Pat Bet Plast)","compra","PA2 (Pat Bet Plast) → PA2 ▣"
"043","3 en 1 CH","Martin","Tallerista","","5","V9","Remache uña niq.","2","Remaches","📦 Comprado (Remaches) — Bella Vista","compra_remache","📦 Comprado (Remaches) — Bella Vista → 〔Guazzaroni (Niquelado)〕 → V9 ▣"
"043","3 en 1 CH","Martin","Tallerista","","6","V13","Rem Plaquita 3 en 1","2","Remaches","📦 Comprado (Remaches) — Electronica Mandelli","compra_remache","📦 Comprado (Remaches) — Electronica Mandelli → V13 ▣"
"053","Pinza De Fiambre Mgo Plastico 23cm","Log/ Fabr / Rafael","Fabricación interna","","1","C9","Resorte U Crom","1","Otros","Fleje 26","matriz","Fleje 26 → 〔Mat 68 (Corte Resorte)〕 → Mat 68 → 〔Mat 69 (Doblado Resorte)〕 → IF2 → 〔Guazzaroni (Pulido)〕 → ST → 〔Guazzaroni (Pulido)〕 → C9 ▣"
"053","Pinza De Fiambre Mgo Plastico 23cm","Log/ Fabr / Rafael","Fabricación interna","","1","C9","Resorte U Crom","1","Otros","Fleje 26","matriz","Fleje 26 → 〔Mat 68 (Corte Resorte)〕 → Mat 68 → 〔Mat 69 (Doblado Resorte)〕 → IF2 → 〔FAAT (Templado y Revenido)〕 → ST → 〔Guazzaroni (Pulido)〕 → C9 ▣"
"053","Pinza De Fiambre Mgo Plastico 23cm","Log/ Fabr / Rafael","Fabricación interna","","1","C9","Resorte U Crom","1","Otros","ST (sin origen)","ps_st","ST (sin origen) → 〔Pedernera (Cromado)〕 → C9 ▣"
"053","Pinza De Fiambre Mgo Plastico 23cm","Log/ Fabr / Rafael","Fabricación interna","","2","F9","Pinza Fiambre Izquierda","1","Otros","Fleje 40","matriz","Fleje 40 → 〔Mat 62 (Corte Pinza Fiambre Derecha)〕 → Mat 62 → 〔Mat 63 (Estampado Pinza Fiambre Derecha)〕 → F9 ▣"
"053","Pinza De Fiambre Mgo Plastico 23cm","Log/ Fabr / Rafael","Fabricación interna","","3","F10","Pinza Fiambre Derecha","1","Otros","Fleje 40","matriz","Fleje 40 → 〔Mat 62 (Corte Pinza Fiambre Derecha)〕 → Mat 62 → 〔Mat 65 (Estampado Pinza Fiambre Izquierda)〕 → F10 ▣"
"053","Pinza De Fiambre Mgo Plastico 23cm","Log/ Fabr / Rafael","Fabricación interna","","4","CCG4F","Cartón 053","1","Cartones","Comprado Cartones","compra","📦 Comprado (Cartones) → G4F ▣"
"054","Pinza De Fideos Mgo Plastico 25cm","Log/ Fabr / Rafael","Fabricación interna","","1","F13","Pinza Fideo Izq","1","Otros","Fleje 39","matriz","Fleje 39 → 〔Mat 60 (Corte Pinza Fideos)〕 → Mat 60 → 〔Mat 75 (Estampado Izq Pinza Fideos)〕 → F13 ▣"
"054","Pinza De Fideos Mgo Plastico 25cm","Log/ Fabr / Rafael","Fabricación interna","","2","F14","Pinza Fideo Der","1","Otros","Fleje 39","matriz","Fleje 39 → 〔Mat 60 (Corte Pinza Fideos)〕 → Mat 60 → 〔Mat 61 (Estampado Der Pinza Fideos)〕 → F14 ▣"
"054","Pinza De Fideos Mgo Plastico 25cm","Log/ Fabr / Rafael","Fabricación interna","","3","C9","Resorte U Crom","1","Otros","Fleje 26","matriz","Fleje 26 → 〔Mat 68 (Corte Resorte)〕 → Mat 68 → 〔Mat 69 (Doblado Resorte)〕 → IF2 → 〔Guazzaroni (Pulido)〕 → ST → 〔Guazzaroni (Pulido)〕 → C9 ▣"
"054","Pinza De Fideos Mgo Plastico 25cm","Log/ Fabr / Rafael","Fabricación interna","","3","C9","Resorte U Crom","1","Otros","Fleje 26","matriz","Fleje 26 → 〔Mat 68 (Corte Resorte)〕 → Mat 68 → 〔Mat 69 (Doblado Resorte)〕 → IF2 → 〔FAAT (Templado y Revenido)〕 → ST → 〔Guazzaroni (Pulido)〕 → C9 ▣"
"054","Pinza De Fideos Mgo Plastico 25cm","Log/ Fabr / Rafael","Fabricación interna","","3","C9","Resorte U Crom","1","Otros","ST (sin origen)","ps_st","ST (sin origen) → 〔Pedernera (Cromado)〕 → C9 ▣"
"054","Pinza De Fideos Mgo Plastico 25cm","Log/ Fabr / Rafael","Fabricación interna","","4","CCG4G","Cartón 054","1","Cartones","Comprado Cartones","compra","📦 Comprado (Cartones) → G4G ▣"
"055","Pinza De Ensalada Mgo Plastico 23cm","Log/ Fabr / Rafael","Fabricación interna","","1","C9","Resorte U Crom","1","Otros","Fleje 26","matriz","Fleje 26 → 〔Mat 68 (Corte Resorte)〕 → Mat 68 → 〔Mat 69 (Doblado Resorte)〕 → IF2 → 〔Guazzaroni (Pulido)〕 → ST → 〔Guazzaroni (Pulido)〕 → C9 ▣"
"055","Pinza De Ensalada Mgo Plastico 23cm","Log/ Fabr / Rafael","Fabricación interna","","1","C9","Resorte U Crom","1","Otros","Fleje 26","matriz","Fleje 26 → 〔Mat 68 (Corte Resorte)〕 → Mat 68 → 〔Mat 69 (Doblado Resorte)〕 → IF2 → 〔FAAT (Templado y Revenido)〕 → ST → 〔Guazzaroni (Pulido)〕 → C9 ▣"
"055","Pinza De Ensalada Mgo Plastico 23cm","Log/ Fabr / Rafael","Fabricación interna","","1","C9","Resorte U Crom","1","Otros","ST (sin origen)","ps_st","ST (sin origen) → 〔Pedernera (Cromado)〕 → C9 ▣"
"055","Pinza De Ensalada Mgo Plastico 23cm","Log/ Fabr / Rafael","Fabricación interna","","2","CCG4H","Cartón 055","1","Cartones","Comprado Cartones","compra","📦 Comprado (Cartones) → G4H ▣"
"055","Pinza De Ensalada Mgo Plastico 23cm","Log/ Fabr / Rafael","Fabricación interna","","3","F11","Puntero Ensalada","2","Otros","Fleje 45","matriz","Fleje 45 → 〔Mat 66 (Corte Pinza Ensalada)〕 → Mat 66 → 〔Mat 67 (Estampado Pinza Ensalada)〕 → F11 ▣"
"057","DestapaCorona LK c/Carton","Garcia","Tallerista","","1","C5","Destapa Corona Crom","1","Otros","Fleje 21","matriz","Fleje 21 → 〔Mat 79 (Corte Destapacorona)〕 → JF8 → 〔Mat 80 (Estampa Destapacorona)〕 → Mat 80 → 〔Mat 81 (Doblado Destapacorona)〕 → JF7 → 〔Pedernera (Cromado)〕 → C5 ▣"
"057","DestapaCorona LK c/Carton","Garcia","Tallerista","","1","C5","Destapa Corona Crom","1","Otros","Fleje 21","matriz","Fleje 21 → 〔Mat 79 (Corte Destapacorona)〕 → G1 → 〔Mat 80 (Estampa Destapacorona)〕 → Mat 80 → 〔Mat 81 (Doblado Destapacorona)〕 → JF7 → 〔Pedernera (Cromado)〕 → C5 ▣"
"057","DestapaCorona LK c/Carton","Garcia","Tallerista","","2","","Cartón 057","1","Cartones","Compra Cartones","compra","Compra (Cartones) → Cartón 057 ▣"
"057","DestapaCorona LK c/Carton","Garcia","Tallerista","","3","Z25A","Argolla Grande","1","Otros","Z25A (PENDIENTE (nacional))","compra","Z25A (PENDIENTE (nacional)) → Z25A ▣"
"058","Cierra Bolsa x2","Log/ Fabr","Fabricación interna","","1","","Cartón 058","1","Cartones","Compra Cartones","compra","Compra (Cartones) → Cartón 058 ▣"
"058","Cierra Bolsa x2","Log/ Fabr","Fabricación interna","","2","PC4","Cierra Bolsas Blanc.","2","Otros","PC4 (JL Matriceria)","compra","PC4 (JL Matriceria) → PC4 ▣"
"059","Cuchillito De Untar Plast x2","Log/ Fabr","Fabricación interna","","1","PEP9","Cuchillo de Untar Blanc","2","Otros","PEP9 (JL Matriceria)","compra","PEP9 (JL Matriceria) → PEP9 ▣"
"059","Cuchillito De Untar Plast x2","Log/ Fabr","Fabricación interna","","2","","Cartón 059","1","Cartones","Compra Cartones","compra","Compra (Cartones) → Cartón 059 ▣"
"066","Abrelata Super Mariposa","Poly","Tallerista","","1","PA7B","Pirolo Negro","1","Otros","PA7B (Pat Bet Plast)","compra","PA7B (Pat Bet Plast) → PA7B ▣"
"066","Abrelata Super Mariposa","Poly","Tallerista","","2","PA8B","Buje Negro","1","Otros","PA8B (Pat Bet Plast)","compra","PA8B (Pat Bet Plast) → PA8B ▣"
"066","Abrelata Super Mariposa","Poly","Tallerista","","3","W9P","Arandela Fina Marip Niq.","1","Otros","Fleje 5","matriz","Fleje 5 → 〔Mat 15 (Corte Arandela fina 502)〕 → W9 → 〔Guazzaroni (Niquelado)〕 → W9P ▣"
"066","Abrelata Super Mariposa","Poly","Tallerista","","4","Z42","Mgo Plano 066 Negro","1","Otros","Fleje 6","matriz","Fleje 6 → 〔Mat 11 (Corte Mgo Plano Mariposa)〕 → IF4 → 〔Mat 12 (Doblado Mango Plano)〕 → IF6 → 〔Daniel / Jade (Pintado)〕 → Z42 ▣"
"066","Abrelata Super Mariposa","Poly","Tallerista","","5","Z41","Varilla C/ Cuchilla SUPER","1","Otros","Fleje 30","matriz","Fleje 30 → 〔Mat 6 (Corte y Estampa Varilla)〕 → HF7 → 〔Mat 173 (Doblado de Varilla Curva)〕 → HF6 → 〔Mat 174 (Armado de Varilla Curva C/Cuchilla)〕 → HF15 → 〔Daniel / Jade (Pintado)〕 → Z41 ▣"
"066","Abrelata Super Mariposa","Poly","Tallerista","","5","Z41","Varilla C/ Cuchilla SUPER","1","Otros","Fleje 2","matriz","Fleje 2 → 〔Mat 7 (Corte Cuchilla Abrelatas)〕 → IF12 → 〔Mat 8 (Despunte Cuchilla)〕 → Mat 8 → 〔Mat 9 (Doblado Cuchilla)〕 → IF14 → 〔FAAT (Cementado)〕 → ST → 〔Guazzaroni (Pulido)〕 → IF16 → 〔Mat 174 (Armado de Varilla Curva C/Cuchilla)〕 → HF15 → 〔Daniel / Jade (Pintado)〕 → Z41 ▣"
"066","Abrelata Super Mariposa","Poly","Tallerista","","6","W7P","Engranaje Chico","1","Otros","ST (sin origen)","ps_st","ST (sin origen) → 〔Pedernera (Cromado)〕 → W7P ▣"
"066","Abrelata Super Mariposa","Poly","Tallerista","","7","V7","Rem. Abrelatas Niq","1","Remaches","📦 Comprado (Remaches) — Bella Vista","compra_remache","📦 Comprado (Remaches) — Bella Vista → 〔Guazzaroni (Niquelado)〕 → V7 ▣"
"066","Abrelata Super Mariposa","Poly","Tallerista","","8","","Cartón 066","1","Cartones","Compra Cartones","compra","Compra (Cartones) → Cartón 066 ▣"
"066","Abrelata Super Mariposa","Poly","Tallerista","","9","Z30","Mariposa Abrelata SUPER","1","Otros","Fleje 7","matriz","Fleje 7 → 〔Mat 366 (Corte Super Mariposita)〕 → HF16 → 〔Pedernera (Cromado)〕 → Z30 ▣"
"067","Sac. Tipo Mozo Suelto","Martin","Tallerista","","1","E15","Cuchufli Zincado","1","Otros","Fleje 23","matriz","Fleje 23 → 〔Mat 44 (Corte Cuchufli)〕 → LF16 → 〔Guazzaroni (Zincado)〕 → E15 ▣"
"067","Sac. Tipo Mozo Suelto","Martin","Tallerista","","2","D4","Cabezal Crom.","1","Otros","Fleje 24","matriz","Fleje 24 → 〔Mat 45 (Corte Cabezal)〕 → JF14 → 〔Mat 46 (Doblado Cabezal)〕 → JF15 → 〔Pedernera (Cromado)〕 → D4 ▣"
"067","Sac. Tipo Mozo Suelto","Martin","Tallerista","","3","E16","Cpo Sacacorcho Zincado","1","Otros","Fleje 22","matriz","Fleje 22 → 〔Mat 37 (Corte Cuerpo Sacac.)〕 → Mat 37 → 〔Mat 38 (Doblado Cuerpo Sacacorcho)〕 → Mat 38 → 〔Mat 39 (Cerrado Cuerpo Sacacorcho)〕 → KF5 → 〔Guazzaroni (Zincado)〕 → E16 ▣"
"067","Sac. Tipo Mozo Suelto","Martin","Tallerista","","4","V2","Rem. Cabezal Niq","1","Remaches","📦 Comprado (Remaches) — Bella Vista","compra_remache","📦 Comprado (Remaches) — Bella Vista → 〔Guazzaroni (Niquelado)〕 → V2 ▣"
"067","Sac. Tipo Mozo Suelto","Martin","Tallerista","","5","","Cartón 067","1","Cartones","Compra Cartones","compra","Compra (Cartones) → Cartón 067 ▣"
"067","Sac. Tipo Mozo Suelto","Martin","Tallerista","","6","D1","Espiral 520 Chino","1","Otros","D1 (sin proveedor)","compra","D1 (sin proveedor) → D1 ▣"
"067","Sac. Tipo Mozo Suelto","Martin","Tallerista","","7","D14","Resorte 520 Niquel","1","Otros","ST (sin origen)","ps_st","ST (sin origen) → 〔Guazzaroni (Niquelado)〕 → D14 ▣"
"067","Sac. Tipo Mozo Suelto","Martin","Tallerista","","8","V1","Remache Espiral","1","Remaches","V1B (sin proveedor)","ps","V1B (sin proveedor) → 〔AJ Adhesivos (Adhesivado)〕 → V1C → 〔Guazzaroni (Niquelado)〕 → V1 ▣"
"070","Set Tapers 0.8 / 1.5 / 3lts","Log/ Fabr","Fabricación interna","","1","","Cartón","1","Otros","Compra Otros","compra","Compra (Otros) → Cartón ▣"
"071","BOWL MULTI USO 330ml","Log/ Fabr","Fabricación interna","","1","GRJ13","Bowls 330ml","1","Otros","GRJ13 (Cimarrón)","compra","GRJ13 (Cimarrón) → GRJ13 ▣"
"097","Afila Cuchillo CH","Martin","Tallerista","","1","V5","Rem. afila niq.","2","Remaches","📦 Comprado (Remaches) — Bella Vista","compra_remache","📦 Comprado (Remaches) — Bella Vista → 〔Guazzaroni (Niquelado)〕 → V5 ▣"
"097","Afila Cuchillo CH","Martin","Tallerista","","2","E3","Arandela Chica Afila","8","Otros","Fleje 10","matriz","Fleje 10 → 〔Mat 72 (Corte Arandela Chica)〕 → KF9 → 〔Guazzaroni (Zincado)〕 → E3 ▣"
"097","Afila Cuchillo CH","Martin","Tallerista","","3","","Cartón 097","1","Cartones","Compra Cartones","compra","Compra (Cartones) → Cartón 097 ▣"
"097","Afila Cuchillo CH","Martin","Tallerista","","4","E4","Tochos Afila Cuchillo","0.06666666666666667","Otros","(loop: JF1)","loop","(loop: JF1) → 〔JF1〕 → 〔JF1 ← Lucho ← JF1〕 → JF1 → 〔Scor (Rectificado)〕 → E4 ▣"
"099","Pelapapas Mgo Plas Ergo CH","Lucho","Tallerista","","1","","Cartón 099","1","Cartones","Compra Cartones","compra","Compra (Cartones) → Cartón 099 ▣"
"099","Pelapapas Mgo Plas Ergo CH","Lucho","Tallerista","","2","D9","Clavos Niq.","1","Otros","PCP3 (Martin Facciolo)","ps","PCP3 (Martin Facciolo) → 〔Guazzaroni (Niquelado)〕 → D9 ▣"
"099","Pelapapas Mgo Plas Ergo CH","Lucho","Tallerista","","3","PEP1","Mangos Pelador Negro","1","Otros","PEP1 (Telleria)","compra","PEP1 (Telleria) → PEP1 ▣"
"099","Pelapapas Mgo Plas Ergo CH","Lucho","Tallerista","","4","Z23A","Cuch China","1","Otros","Z23A (sin proveedor)","compra","Z23A (sin proveedor) → Z23A ▣"
"101","Abrelata a Manija","Rafael","Prov Art Terminado","N22","1","Z40","Mgo Plano 101 Negro","1","Otros","Fleje 1","matriz","Fleje 1 → 〔Mat 356 (Corte Mango Plano Manija)〕 → G11 → 〔Mat 12B (Doblado Mango Plano Sin Marca)〕 → G13 → 〔Jade / Daniel (Pintado)〕 → Z40 ▣"
"101","Abrelata a Manija","Rafael","Prov Art Terminado","N22","2","Z43","Varilla C/ Cuchilla Ngo","1","Otros","Fleje 30","matriz","Fleje 30 → 〔Mat 6 (Corte y Estampa Varilla)〕 → HF7 → 〔Mat 10 (Armado Varilla C/Cuchilla)〕 → HF11 → 〔Daniel / Jade (Pintado)〕 → Z43 ▣"
"101","Abrelata a Manija","Rafael","Prov Art Terminado","N22","2","Z43","Varilla C/ Cuchilla Ngo","1","Otros","Fleje 2","matriz","Fleje 2 → 〔Mat 7 (Corte Cuchilla Abrelatas)〕 → IF12 → 〔Mat 8 (Despunte Cuchilla)〕 → Mat 8 → 〔Mat 9 (Doblado Cuchilla)〕 → IF14 → 〔FAAT (Cementado)〕 → ST → 〔Guazzaroni (Pulido)〕 → IF16 → 〔Mat 10 (Armado Varilla C/Cuchilla)〕 → HF11 → 〔Daniel / Jade (Pintado)〕 → Z43 ▣"
"101","Abrelata a Manija","Rafael","Prov Art Terminado","N22","3","W1P","Buje Abrelata Manija","1","Otros","Fleje 4","matriz","Fleje 4 → 〔Mat 21 (Corte Arandela buje 501)〕 → W1 → 〔FAAT (Templado )〕 → ST → 〔Guazzaroni (Niquelado)〕 → W1P ▣"
"101","Abrelata a Manija","Rafael","Prov Art Terminado","N22","4","W2P","Engranaje Grande","1","Otros","ST (sin origen)","ps_st","ST (sin origen) → 〔Pedernera (Cromado)〕 → W2P ▣"
"101","Abrelata a Manija","Rafael","Prov Art Terminado","N22","5","W6","Arandelas Inox p/Mgo","2","Otros","Fleje 38","matriz","Fleje 38 → 〔Mat 16 (Corte Arandela manguito)〕 → W6 ▣"
"101","Abrelata a Manija","Rafael","Prov Art Terminado","N22","6","W4","Arandela Base Inox","1","Otros","Fleje 36","matriz","Fleje 36 → 〔Mat 344 (Corte Arandela Base)〕 → W4 ▣"
"101","Abrelata a Manija","Rafael","Prov Art Terminado","N22","7","CCK2A","Cartón 101","1","Cartones","Comprado Cartones","compra","📦 Comprado (Cartones) → K2A ▣"
"101","Abrelata a Manija","Rafael","Prov Art Terminado","N22","8","W3P","Arandela 
 fina Niq.","1","Otros","Fleje 5","matriz","Fleje 5 → 〔Mat 22 (Corte Arandela fina 501)〕 → W3 → 〔Guazzaroni (Niquelado)〕 → W3P ▣"
"101","Abrelata a Manija","Rafael","Prov Art Terminado","N22","9","C6","Manija 
 Redonda Crom.","1","Otros","Fleje 30","matriz","Fleje 30 → 〔Mat 17 (Corte y Estampa Manija)〕 → Mat 17 → 〔Mat 18 (Aplastado Manija)〕 → Mat 18 → 〔Mat 19 (Recortado Manija)〕 → HF1 → 〔Pedernera (Cromado)〕 → C6 ▣"
"101","Abrelata a Manija","Rafael","Prov Art Terminado","N22","10","PB5","Manguito Abrelat. Negro","1","Otros","PB5 (Pat Bet Plast)","compra","PB5 (Pat Bet Plast) → PB5 ▣"
"101","Abrelata a Manija","Rafael","Prov Art Terminado","N22","11","V7","Rem. Abrelatas Niq","1","Remaches","📦 Comprado (Remaches) — Bella Vista","compra_remache","📦 Comprado (Remaches) — Bella Vista → 〔Guazzaroni (Niquelado)〕 → V7 ▣"
"101","Abrelata a Manija","Rafael","Prov Art Terminado","N22","12","PA7B","Pirolo Negro","1","Otros","PA7B (Pat Bet Plast)","compra","PA7B (Pat Bet Plast) → PA7B ▣"
"104","Sac Ergo LOKE","Martin","Tallerista","N22","1","CCK5D","Cartón 104","1","Cartones","Comprado Cartones","compra","📦 Comprado (Cartones) → K5D ▣"
"104","Sac Ergo LOKE","Martin","Tallerista","N22","2","PB8A","Mgo Sacac Plast","1","Otros","PB8A (Pat Bet Plast)","compra","PB8A (Pat Bet Plast) → PB8A ▣"
"104","Sac Ergo LOKE","Martin","Tallerista","N22","3","V11","Remache Sacacorcho Plast","1","Remaches","📦 Comprado (Remaches) — Bella Vista","compra_remache","📦 Comprado (Remaches) — Bella Vista → 〔Guazzaroni (Niquelado)〕 → V11 ▣"
"104","Sac Ergo LOKE","Martin","Tallerista","N22","4","D1","Espiral 520 Chino","1","Otros","D1 (sin proveedor)","compra","D1 (sin proveedor) → D1 ▣"
"108","Pelador Mgo Metalico Loke","Poly","Tallerista","N22","1","M7","Mang. Pelador Ch Crom.","1","Otros","Fleje 20","matriz","Fleje 20 → 〔Mat 3B (Corte y Estampado Mango Pelador Sin Marca)〕 → 〔M9〕 → 〔M8 ← Poly ← M9〕 → M8 → 〔Pedernera (Cromado)〕 → M7 ▣"
"108","Pelador Mgo Metalico Loke","Poly","Tallerista","N22","2","CCK2D","Cartón 108","1","Cartones","Comprado Cartones","compra","📦 Comprado (Cartones) → K2D ▣"
"108","Pelador Mgo Metalico Loke","Poly","Tallerista","N22","3","Z23A","Cuch China","1","Otros","Z23A (sin proveedor)","compra","Z23A (sin proveedor) → Z23A ▣"
"108","Pelador Mgo Metalico Loke","Poly","Tallerista","N22","4","D9","Clavos Niq.","1","Otros","PCP3 (Martin Facciolo)","ps","PCP3 (Martin Facciolo) → 〔Guazzaroni (Niquelado)〕 → D9 ▣"
"110","Colador N° 8 Loke","Lopez Jose","Prov Art Terminado","N2","1","K2B","Cartón","1","Otros","K2B (sin proveedor)","compra","K2B (sin proveedor) → K2B ▣"
"111","Colador N°10 Loke","Lopez Jose","Prov Art Terminado","N2","1","K2C","Cartón","1","Otros","K2C (sin proveedor)","compra","K2C (sin proveedor) → K2C ▣"
"114","Afila Cuch Loke","Martin","Tallerista","N1","1","CCK4D","Cartón 114","1","Cartones","Comprado Cartones","compra","📦 Comprado (Cartones) → K4D ▣"
"114","Afila Cuch Loke","Martin","Tallerista","N1","2","E4","Tochos Afila Cuchillo","0.06666666666666667","Otros","(loop: JF1)","loop","(loop: JF1) → 〔JF1〕 → 〔JF1 ← Lucho ← JF1〕 → JF1 → 〔Scor (Rectificado)〕 → E4 ▣"
"114","Afila Cuch Loke","Martin","Tallerista","N1","3","E3","Arandela Chica Afila","8","Otros","Fleje 10","matriz","Fleje 10 → 〔Mat 72 (Corte Arandela Chica)〕 → KF9 → 〔Guazzaroni (Zincado)〕 → E3 ▣"
"114","Afila Cuch Loke","Martin","Tallerista","N1","4","V5","Rem. afila niq.","2","Remaches","📦 Comprado (Remaches) — Bella Vista","compra_remache","📦 Comprado (Remaches) — Bella Vista → 〔Guazzaroni (Niquelado)〕 → V5 ▣"
"116","Corta Pizza Chico LOKE","Martin","Tallerista","N2","1","LLF1","""S"" C/ Pizza/Raviol","1","Otros","Fleje 76","matriz","Fleje 76 → 〔Mat 357 (Corte Eses)〕 → LLF1 ▣"
"116","Corta Pizza Chico LOKE","Martin","Tallerista","N2","2","E12","Vastago C/ Pizza Cico/ Ravioles","1","Otros","Fleje 7","matriz","Fleje 7 → 〔Mat 354 (Corte Vast Corta Pizza Chico)〕 → LF15 → 〔Pedernera (Cromado)〕 → E12 ▣"
"116","Corta Pizza Chico LOKE","Martin","Tallerista","N2","3","PC10","Mango LK Espatula","1","Otros","PC10 (Pat Bet Plast)","compra","PC10 (Pat Bet Plast) → PC10 ▣"
"116","Corta Pizza Chico LOKE","Martin","Tallerista","N2","4","CCK3D","Cartón 116","1","Cartones","Comprado Cartones","compra","📦 Comprado (Cartones) → K3D ▣"
"116","Corta Pizza Chico LOKE","Martin","Tallerista","N2","5","PA18","Capuchon Espatula LK","1","Otros","PA18 (Pat Bet Plast)","compra","PA18 (Pat Bet Plast) → PA18 ▣"
"116","Corta Pizza Chico LOKE","Martin","Tallerista","N2","6","LLF3","Disco C/ Pizza Ø6","1","Otros","Fleje 74","matriz","Fleje 74 → 〔Mat 358 (Corte Disco Corta Pizza Chico)〕 → LLF3 ▣"
"116","Corta Pizza Chico LOKE","Martin","Tallerista","N2","7","V12","Rem. C/ Pizza/Raviol","1","Remaches","📦 Comprado (Remaches) — Bella Vista","compra_remache","📦 Comprado (Remaches) — Bella Vista → 〔Guazzaroni (Niquelado)〕 → V12 ▣"
"121","P Papas Inox Loke","German / German / German","Tallerista","N13","1","PA10B","Capuchon ф 8 S/Serig","1","Otros","PA10 (Pat Bet Plast)","ps","PA10 (Pat Bet Plast) → 〔Ximpa (Serigafiado)〕 → PA10B ▣"
"121","P Papas Inox Loke","German / German / German","Tallerista","N13","2","PC11","Mangos ф 8","1","Otros","PC11 (Pat Bet Plast)","compra","PC11 (Pat Bet Plast) → PC11 ▣"
"121","P Papas Inox Loke","German / German / German","Tallerista","N13","3","M1","Disco Inox C/
 Vastago Alu","1","Otros","Fleje 41","matriz","Fleje 41 → 〔Mat 349 (Corte Disco Pisapapa)〕 → M3 → 〔Mat 123 (Perfora disco pisa papas)〕 → M2 → 〔Mat 113 (Remachado pisa papas Inox)〕 → M1 ▣"
"121","P Papas Inox Loke","German / German / German","Tallerista","N13","3","M1","Disco Inox C/
 Vastago Alu","1","Otros","📦 Comprado (Remaches) — Bella Vista","compra_remache","📦 Comprado (Remaches) — Bella Vista → 〔Guazzaroni (Niquelado)〕 → V18C → 〔Mat 113 (Remachado pisa papas Inox)〕 → M1 ▣"
"121","P Papas Inox Loke","German / German / German","Tallerista","N13","4","CCK4C","Cartón 121","1","Cartones","Comprado Cartones","compra","📦 Comprado (Cartones) → K4C ▣"
"122","Rallador Cilin Loke","Carriero","Prov Art Terminado","","1","","Cartón","1","Otros","Compra Otros","compra","Compra (Otros) → Cartón ▣"
"123","Pelador Plastico Loke","Garcia / Lucho","Tallerista","N29","1","PC1B","Mgo Pelapapa 123","1","Otros","PC3B (sin proveedor)","ps","PC3B (sin proveedor) → 〔Esther (Calado)〕 → PC1B ▣"
"123","Pelador Plastico Loke","Garcia / Lucho","Tallerista","N29","2","D9","Clavos Niq.","1","Otros","PCP3 (Martin Facciolo)","ps","PCP3 (Martin Facciolo) → 〔Guazzaroni (Niquelado)〕 → D9 ▣"
"123","Pelador Plastico Loke","Garcia / Lucho","Tallerista","N29","3","Z23A","Cuch China","1","Otros","Z23A (sin proveedor)","compra","Z23A (sin proveedor) → Z23A ▣"
"186","Pelador Ergo Loke","Lucho","Tallerista","N22","1","Z23A","Cuch China","1","Otros","Z23A (sin proveedor)","compra","Z23A (sin proveedor) → Z23A ▣"
"186","Pelador Ergo Loke","Lucho","Tallerista","N22","2","PEP1","Mangos Pelador Negro","1","Otros","PEP1 (Telleria)","compra","PEP1 (Telleria) → PEP1 ▣"
"186","Pelador Ergo Loke","Lucho","Tallerista","N22","3","D9","Clavos Niq.","1","Otros","PCP3 (Martin Facciolo)","ps","PCP3 (Martin Facciolo) → 〔Guazzaroni (Niquelado)〕 → D9 ▣"
"186","Pelador Ergo Loke","Lucho","Tallerista","N22","4","CCK5A","Cartón 186","1","Cartones","Comprado Cartones","compra","📦 Comprado (Cartones) → K5A ▣"
"207","Ñoquera Madera mango redondo","Pintos","Prov Art Terminado","N1","1","GRJ12B","Ñoquera Redonda","1","Otros","GRJ12B (Pintos)","compra","GRJ12B (Pintos) → GRJ12B ▣"
"207","Ñoquera Madera mango redondo","Pintos","Prov Art Terminado","N1","2","CCG3A","Cartón 207","1","Cartones","Comprado Cartones","compra","📦 Comprado (Cartones) → G3A ▣"
"208","Cucharita 13cm Azucarera Madera","Pintos","Prov Art Terminado","N22","1","G3B","Cartón","1","Otros","G3B (sin proveedor)","compra","G3B (sin proveedor) → G3B ▣"
"220","Cuchara Madera 40 Cm X 12","Pintos","Prov Art Terminado","N27","1","M4A","Cartón","1","Otros","M4A (sin proveedor)","compra","M4A (sin proveedor) → M4A ▣"
"221","Cuchara Madera 45 Cm X 12","Pintos","Prov Art Terminado","N27","1","M3C","Cartón","1","Otros","M3C (sin proveedor)","compra","M3C (sin proveedor) → M3C ▣"
"222","Bate Bife Madera","Pintos / Maspoli","Prov Art Terminado","N12","1","M3B","Cartón 222","1","Otros","M3B (sin proveedor)","compra","M3B (sin proveedor) → M3B ▣"
"223","Cuchara Madera 25 Cm X 12","Pintos","Prov Art Terminado","N2","1","M3A","Cartón","1","Otros","M3A (sin proveedor)","compra","M3A (sin proveedor) → M3A ▣"
"224","Cuchara 30cm","Pintos","Prov Art Terminado","N2","1","M3D","Cartón","1","Otros","M3D (sin proveedor)","compra","M3D (sin proveedor) → M3D ▣"
"225","Cuchara Madera 35 Cm X 12","Pintos","Prov Art Terminado","N12","1","M5D","Cartón","1","Otros","M5D (sin proveedor)","compra","M5D (sin proveedor) → M5D ▣"
"229","Ñoquera de Madera","Pintos / Pintos / Pintos","Prov Art Terminado","N22","1","CCG3C","Cartón 229","1","Cartones","Comprado Cartones","compra","📦 Comprado (Cartones) → G3C ▣"
"229","Ñoquera de Madera","Pintos / Pintos / Pintos","Prov Art Terminado","N22","2","GRJ12","Ñoquera","1","Otros","GRJ12 (Pintos)","compra","GRJ12 (Pintos) → GRJ12 ▣"
"234","Palo de Amasar Frances 40 cm","","Tallerista","","1","","Cartón 234","1","Cartones","Compra Cartones","compra","Compra (Cartones) → Cartón 234 ▣"
"234","Palo de Amasar Frances 40 cm","","Tallerista","","2","","Palo de Amasar Frances 40 cm","1","Otros","Compra Otros","compra","Compra (Otros) → Palo de Amasar Frances 40 cm ▣"
"246","Prensa Matambre","Maspoli","Prov Art Terminado","N10","1","","Cartón","1","Otros","Compra Otros","compra","Compra (Otros) → Cartón ▣"
"248","Cuchara Nylon Reforzada Antimancha/hongo 33 Cm","Carlos","Tallerista","N12","1","CCA1A","Cartón 248","1","Cartones","Comprado Cartones","compra","📦 Comprado (Cartones) → A1A ▣"
"248","Cuchara Nylon Reforzada Antimancha/hongo 33 Cm","Carlos","Tallerista","N12","2","PB3","Cuchara Ny Loeke (Serif.)","1","Otros","PB3 (Pat Bet Plast)","compra","PB3 (Pat Bet Plast) → PB3 ▣"
"280","manga repostera + 4 boqui","Oscar / Oscar / Oscar","Tallerista","N12","1","BOMB8B","Tela Manga Repostera","1","Otros","BOMB8B (PENDIENTE (compra))","compra","BOMB8B (PENDIENTE (compra)) → BOMB8B ▣"
"280","manga repostera + 4 boqui","Oscar / Oscar / Oscar","Tallerista","N12","2","F1","Cartón 280","1","Otros","F1 (sin proveedor)","compra","F1 (sin proveedor) → F1 ▣"
"280","manga repostera + 4 boqui","Oscar / Oscar / Oscar","Tallerista","N12","3","V14","Picos Reposteros","4","Plásticos","Guazzaroni (Niquelado)","ps","Guazzaroni (Niquelado) → V14 ▣"
"299","Muñeco Silicona Antiderrame","Log/ Fabr","Fabricación interna","N29","1","PA3","Muñeco Antiderrame","1","Otros","PA3 (Pat Bet Plast)","compra","PA3 (Pat Bet Plast) → PA3 ▣"
"299","Muñeco Silicona Antiderrame","Log/ Fabr","Fabricación interna","N29","2","CCG8B","Cartón 299","1","Cartones","Comprado Cartones","compra","📦 Comprado (Cartones) → G8B ▣"
"307","Cepillo Limp Vaso Mamad","Carlos","Tallerista","N6","1","PA17","Mango LK Cuch y P Torta","1","Otros","PA17 (Pat Bet Plast)","compra","PA17 (Pat Bet Plast) → PA17 ▣"
"307","Cepillo Limp Vaso Mamad","Carlos","Tallerista","N6","2","CCQ5","Cartón 307","1","Cartones","Comprado Cartones","compra","📦 Comprado (Cartones) → Q5 ▣"
"307","Cepillo Limp Vaso Mamad","Carlos","Tallerista","N6","3","PA13","Capuchon Batidor LK","1","Otros","PA13 (Pat Bet Plast)","compra","PA13 (Pat Bet Plast) → PA13 ▣"
"307","Cepillo Limp Vaso Mamad","Carlos","Tallerista","N6","4","GRJ3","Cepillo Limp Vaso Mamadera","1","Otros","GRJ3 (Roster)","compra","GRJ3 (Roster) → GRJ3 ▣"
"307","Cepillo Limp Vaso Mamad","Carlos","Tallerista","N6","5","PA19","Mangos Chef","1","Otros","PA19 (Pat Bet Plast)","compra","PA19 (Pat Bet Plast) → PA19 ▣"
"307","Cepillo Limp Vaso Mamad","Carlos","Tallerista","N6","6","PB7","Inser. Neg. Batidor","1","Otros","PB7 (Pat Bet Plast)","compra","PB7 (Pat Bet Plast) → PB7 ▣"
"311","Cuch Tor LK","Martin","Tallerista","N12","1","PA13","Capuchon Batidor LK","1","Otros","PA13 (Pat Bet Plast)","compra","PA13 (Pat Bet Plast) → PA13 ▣"
"311","Cuch Tor LK","Martin","Tallerista","N12","2","Z21","Cuchillo Torta CH/LK","1","Otros","Z21 (PENDIENTE (nacional))","compra","Z21 (PENDIENTE (nacional)) → Z21 ▣"
"311","Cuch Tor LK","Martin","Tallerista","N12","3","CCG1A","Cartón 311","1","Cartones","Comprado Cartones","compra","📦 Comprado (Cartones) → G1A ▣"
"311","Cuch Tor LK","Martin","Tallerista","N12","4","PA17","Mango LK Cuch y P Torta","1","Otros","PA17 (Pat Bet Plast)","compra","PA17 (Pat Bet Plast) → PA17 ▣"
"312","P Torta LK","Martin","Tallerista","N12","1","PA13","Capuchon Batidor LK","1","Otros","PA13 (Pat Bet Plast)","compra","PA13 (Pat Bet Plast) → PA13 ▣"
"312","P Torta LK","Martin","Tallerista","N12","2","PA17","Mango LK Cuch y P Torta","1","Otros","PA17 (Pat Bet Plast)","compra","PA17 (Pat Bet Plast) → PA17 ▣"
"312","P Torta LK","Martin","Tallerista","N12","3","CCG1B","Cartón 312","1","Cartones","Comprado Cartones","compra","📦 Comprado (Cartones) → G1B ▣"
"312","P Torta LK","Martin","Tallerista","N12","4","Z20","Pala Torta","1","Otros","Z20 (PENDIENTE (nacional))","compra","Z20 (PENDIENTE (nacional)) → Z20 ▣"
"315","P Papas Inox LK","German","Tallerista","N13","1","M1","Disco Inox C/
 Vastago Alu","1","Otros","Fleje 41","matriz","Fleje 41 → 〔Mat 349 (Corte Disco Pisapapa)〕 → M3 → 〔Mat 123 (Perfora disco pisa papas)〕 → M2 → 〔Mat 113 (Remachado pisa papas Inox)〕 → M1 ▣"
"315","P Papas Inox LK","German","Tallerista","N13","1","M1","Disco Inox C/
 Vastago Alu","1","Otros","📦 Comprado (Remaches) — Bella Vista","compra_remache","📦 Comprado (Remaches) — Bella Vista → 〔Guazzaroni (Niquelado)〕 → V18C → 〔Mat 113 (Remachado pisa papas Inox)〕 → M1 ▣"
"315","P Papas Inox LK","German","Tallerista","N13","2","CCL4B","Cartón 315","1","Cartones","Comprado Cartones","compra","📦 Comprado (Cartones) → L4B ▣"
"315","P Papas Inox LK","German","Tallerista","N13","3","PC11","Mangos ф 8","1","Otros","PC11 (Pat Bet Plast)","compra","PC11 (Pat Bet Plast) → PC11 ▣"
"315","P Papas Inox LK","German","Tallerista","N13","4","PA10","Capuchon ф 8","1","Otros","PA10 (Pat Bet Plast)","compra","PA10 (Pat Bet Plast) → PA10 ▣"
"321","Rallador Cilindrico","Carriero","Prov Art Terminado","N10","1","F5A","Cartón","1","Otros","F5A (sin proveedor)","compra","F5A (sin proveedor) → F5A ▣"
"323","Rallador Cilindrico Chico","Garcia","Tallerista","N13","1","323-CC","Caja chica 323","0.083333","Importados","323-CC (sin proveedor)","compra","323-CC (sin proveedor) → 323-CC ▣"
"323","Rallador Cilindrico Chico","Garcia","Tallerista","N13","2","323-MC","Mastercaja 323","0.006944","Importados","323-MC (sin proveedor)","compra","323-MC (sin proveedor) → 323-MC ▣"
"325","Espatula Repostera Plast","The Plast","Prov Art Terminado","N22","1","M2","Cartón","1","Otros","Fleje 41","matriz","Fleje 41 → 〔Mat 349 (Corte Disco Pisapapa)〕 → M3 → 〔Mat 123 (Perfora disco pisa papas)〕 → M2 ▣"
"326","Espatula Plastica 3 Usos","The Plast","Prov Art Terminado","N2","1","","Cartón","1","Otros","Compra Otros","compra","Compra (Otros) → Cartón ▣"
"332","Espatula Acero Inox.","Carlos","Tallerista","N12","1","PC10","Mango LK Espatula","1","Otros","PC10 (Pat Bet Plast)","compra","PC10 (Pat Bet Plast) → PC10 ▣"
"332","Espatula Acero Inox.","Carlos","Tallerista","N12","2","PA18","Capuchon Espatula LK","1","Otros","PA18 (Pat Bet Plast)","compra","PA18 (Pat Bet Plast) → PA18 ▣"
"332","Espatula Acero Inox.","Carlos","Tallerista","N12","3","X9","Espatula Calada Ac Inox c/Vast","1","Otros","X9 (sin proveedor)","compra","X9 (sin proveedor) → X9 ▣"
"332","Espatula Acero Inox.","Carlos","Tallerista","N12","4","CCL2A","Cartón 332","1","Cartones","Comprado Cartones","compra","📦 Comprado (Cartones) → L2A ▣"
"333","Espumadera Ac.Inox.","Carlos","Tallerista","N12","1","PC10","Mango LK Espatula","1","Otros","PC10 (Pat Bet Plast)","compra","PC10 (Pat Bet Plast) → PC10 ▣"
"333","Espumadera Ac.Inox.","Carlos","Tallerista","N12","2","CCM4B","Cartón 333","1","Cartones","Comprado Cartones","compra","📦 Comprado (Cartones) → M4B ▣"
"333","Espumadera Ac.Inox.","Carlos","Tallerista","N12","3","PA18","Capuchon Espatula LK","1","Otros","PA18 (Pat Bet Plast)","compra","PA18 (Pat Bet Plast) → PA18 ▣"
"334","Cuchara Salsera Inox","Carlos","Tallerista","N12","1","PA18","Capuchon Espatula LK","1","Otros","PA18 (Pat Bet Plast)","compra","PA18 (Pat Bet Plast) → PA18 ▣"
"334","Cuchara Salsera Inox","Carlos","Tallerista","N12","2","CCL2B","Cartón 334","1","Cartones","Comprado Cartones","compra","📦 Comprado (Cartones) → L2B ▣"
"334","Cuchara Salsera Inox","Carlos","Tallerista","N12","3","PC10","Mango LK Espatula","1","Otros","PC10 (Pat Bet Plast)","compra","PC10 (Pat Bet Plast) → PC10 ▣"
"335","Cuchara Calada Ac.Inox.","Carlos","Tallerista","N12","1","PC10","Mango LK Espatula","1","Otros","PC10 (Pat Bet Plast)","compra","PC10 (Pat Bet Plast) → PC10 ▣"
"335","Cuchara Calada Ac.Inox.","Carlos","Tallerista","N12","2","X11","Cuch Cal. Inox C/Vast.","1","Otros","X11 (sin proveedor)","compra","X11 (sin proveedor) → X11 ▣"
"335","Cuchara Calada Ac.Inox.","Carlos","Tallerista","N12","3","PA18","Capuchon Espatula LK","1","Otros","PA18 (Pat Bet Plast)","compra","PA18 (Pat Bet Plast) → PA18 ▣"
"335","Cuchara Calada Ac.Inox.","Carlos","Tallerista","N12","4","","Cartón 335","1","Cartones","Compra Cartones","compra","Compra (Cartones) → Cartón 335 ▣"
"336","Cucharon Ac.Inox.","Carlos","Tallerista","N12","1","PA18","Capuchon Espatula LK","1","Otros","PA18 (Pat Bet Plast)","compra","PA18 (Pat Bet Plast) → PA18 ▣"
"336","Cucharon Ac.Inox.","Carlos","Tallerista","N12","2","PC10","Mango LK Espatula","1","Otros","PC10 (Pat Bet Plast)","compra","PC10 (Pat Bet Plast) → PC10 ▣"
"336","Cucharon Ac.Inox.","Carlos","Tallerista","N12","3","CCL3A","Cartón 336","1","Cartones","Comprado Cartones","compra","📦 Comprado (Cartones) → L3A ▣"
"337","Tenedor Ac Inox","Carlos","Tallerista","N12","1","PA18","Capuchon Espatula LK","1","Otros","PA18 (Pat Bet Plast)","compra","PA18 (Pat Bet Plast) → PA18 ▣"
"337","Tenedor Ac Inox","Carlos","Tallerista","N12","2","PC10","Mango LK Espatula","1","Otros","PC10 (Pat Bet Plast)","compra","PC10 (Pat Bet Plast) → PC10 ▣"
"337","Tenedor Ac Inox","Carlos","Tallerista","N12","3","CCL3B","Cartón 337","1","Cartones","Comprado Cartones","compra","📦 Comprado (Cartones) → L3B ▣"
"338","Espatula Lisa Ac.Inox.","Carlos","Tallerista","N12","1","CCL3D","Cartón 338","1","Cartones","Comprado Cartones","compra","📦 Comprado (Cartones) → L3D ▣"
"338","Espatula Lisa Ac.Inox.","Carlos","Tallerista","N12","2","PA18","Capuchon Espatula LK","1","Otros","PA18 (Pat Bet Plast)","compra","PA18 (Pat Bet Plast) → PA18 ▣"
"338","Espatula Lisa Ac.Inox.","Carlos","Tallerista","N12","3","X10","Esp. Lisa Inox C/Vast.","1","Otros","X10 (sin proveedor)","compra","X10 (sin proveedor) → X10 ▣"
"338","Espatula Lisa Ac.Inox.","Carlos","Tallerista","N12","4","PC10","Mango LK Espatula","1","Otros","PC10 (Pat Bet Plast)","compra","PC10 (Pat Bet Plast) → PC10 ▣"
"355","P Papas Ny LK","German","Tallerista","N7","1","","Cartón 355","1","Cartones","Compra Cartones","compra","Compra (Cartones) → Cartón 355 ▣"
"355","P Papas Ny LK","German","Tallerista","N7","2","PA10","Capuchon ф 8","1","Otros","PA10 (Pat Bet Plast)","compra","PA10 (Pat Bet Plast) → PA10 ▣"
"355","P Papas Ny LK","German","Tallerista","N7","3","PV5","Pisa papa Nylon","1","Plásticos","PV5 (Pat Bet Plast)","compra","PV5 (Pat Bet Plast) → PV5 ▣"
"355","P Papas Ny LK","German","Tallerista","N7","4","PC11","Mangos ф 8","1","Otros","PC11 (Pat Bet Plast)","compra","PC11 (Pat Bet Plast) → PC11 ▣"
"390","Cuchara Calada Nylon 1 Pza","Log/ Fabr","Fabricación interna","N12","1","CCL4C","Cartón 390","1","Cartones","Comprado Cartones","compra","📦 Comprado (Cartones) → L4C ▣"
"390","Cuchara Calada Nylon 1 Pza","Log/ Fabr","Fabricación interna","N12","2","PV11","Cuchara Calada 1 Pz Ny","1","Plásticos","PV11 (Pat Bet Plast)","compra","PV11 (Pat Bet Plast) → PV11 ▣"
"391","Cuchara Fideos Nylon 1 Pza","Log/ Fabr","Fabricación interna","N7","1","CCM6A","Cartón 391","1","Cartones","Comprado Cartones","compra","📦 Comprado (Cartones) → M6A ▣"
"391","Cuchara Fideos Nylon 1 Pza","Log/ Fabr","Fabricación interna","N7","2","PV1","Cuchara Fideos 1 Pz Ny","1","Plásticos","PV1 (Pat Bet Plast)","compra","PV1 (Pat Bet Plast) → PV1 ▣"
"392","Cucharon Nylon 1 Pza","Log/ Fabr","Fabricación interna","N7","1","PV6","Cucharon 1 Pz Ny","1","Plásticos","PV6 (Pat Bet Plast)","compra","PV6 (Pat Bet Plast) → PV6 ▣"
"392","Cucharon Nylon 1 Pza","Log/ Fabr","Fabricación interna","N7","2","CCM5A","Cartón 392","1","Cartones","Comprado Cartones","compra","📦 Comprado (Cartones) → M5A ▣"
"393","Espatula Calada Nylon 1 Pza","Log/ Fabr","Fabricación interna","N12","1","CCM6B","Cartón 393","1","Cartones","Comprado Cartones","compra","📦 Comprado (Cartones) → M6B ▣"
"393","Espatula Calada Nylon 1 Pza","Log/ Fabr","Fabricación interna","N12","2","PV11","Cuchara Calada 1 Pz Ny","1","Plásticos","PV11 (Pat Bet Plast)","compra","PV11 (Pat Bet Plast) → PV11 ▣"
"394","Espatula Lisa Nylon 1 Pza","Log/ Fabr","Fabricación interna","N12","1","CCM5B","Cartón 394","1","Cartones","Comprado Cartones","compra","📦 Comprado (Cartones) → M5B ▣"
"394","Espatula Lisa Nylon 1 Pza","Log/ Fabr","Fabricación interna","N12","2","PV9","Espatula Lisa 1 Pz","1","Plásticos","PV9 (Pat Bet Plast)","compra","PV9 (Pat Bet Plast) → PV9 ▣"
"395","Descorazonador De Manzana","Carlos","Tallerista","N2","1","PA18","Capuchon Espatula LK","1","Otros","PA18 (Pat Bet Plast)","compra","PA18 (Pat Bet Plast) → PA18 ▣"
"395","Descorazonador De Manzana","Carlos","Tallerista","N2","2","Z32","Descarozador de Manzana","1","Otros","Z32 (PENDIENTE (nacional))","compra","Z32 (PENDIENTE (nacional)) → Z32 ▣"
"395","Descorazonador De Manzana","Carlos","Tallerista","N2","3","CCG1C","Cartón 395","1","Cartones","Comprado Cartones","compra","📦 Comprado (Cartones) → G1C ▣"
"395","Descorazonador De Manzana","Carlos","Tallerista","N2","4","PC10","Mango LK Espatula","1","Otros","PC10 (Pat Bet Plast)","compra","PC10 (Pat Bet Plast) → PC10 ▣"
"439E","Colador Pasta","Garcia","Tallerista","","1","439E-MC","Mastercaja 439E","0.041667","Importados","439E-MC (sin proveedor)","compra","439E-MC (sin proveedor) → 439E-MC ▣"
"439E","Colador Pasta","Garcia","Tallerista","","2","439E-CC","Caja chica 439E","0.166667","Importados","439E-CC (sin proveedor)","compra","439E-CC (sin proveedor) → 439E-CC ▣"
"440E","Colador Extensible","Garcia","Tallerista","","1","440E-MC","Mastercaja 440E","0.083333","Importados","440E-MC (sin proveedor)","compra","440E-MC (sin proveedor) → 440E-MC ▣"
"440E","Colador Extensible","Garcia","Tallerista","","2","440E-CC","Caja chica 440E","0.25","Importados","440E-CC (sin proveedor)","compra","440E-CC (sin proveedor) → 440E-CC ▣"
"498","Destap llav pie Crom","Garcia","Tallerista","N29","1","Z45","Destapador Pie Cromado","1","Otros","Fleje 29","matriz","Fleje 29 → 〔Mat 27 (Corte Cuerpo Uña Pie)〕 → IF1 → 〔Pedernera (Cromado)〕 → Z45 ▣"
"498","Destap llav pie Crom","Garcia","Tallerista","N29","2","Z25B","Argolla Chica","1","Otros","Z25B (sin proveedor)","compra","Z25B (sin proveedor) → Z25B ▣"
"498","Destap llav pie Crom","Garcia","Tallerista","N29","3","CCG7B","Cartón 498","1","Cartones","Comprado Cartones","compra","📦 Comprado (Cartones) → G7B ▣"
"498","Destap llav pie Crom","Garcia","Tallerista","N29","4","Z25A","Argolla Grande","1","Otros","Z25A (PENDIENTE (nacional))","compra","Z25A (PENDIENTE (nacional)) → Z25A ▣"
"499","Destap llav pie Pintado","Garcia","Tallerista","N29","1","Z22","Destapador Pie Pintado","1","Otros","Fleje 29","matriz","Fleje 29 → 〔Mat 27 (Corte Cuerpo Uña Pie)〕 → IF1 → 〔Jade / Daniel (Pintado)〕 → B12 → 〔Ximpa (Serigafiado)〕 → Z22 ▣"
"499","Destap llav pie Pintado","Garcia","Tallerista","N29","2","CCG7C","Cartón 499","1","Cartones","Comprado Cartones","compra","📦 Comprado (Cartones) → G7C ▣"
"499","Destap llav pie Pintado","Garcia","Tallerista","N29","3","Z25A","Argolla Grande","1","Otros","Z25A (PENDIENTE (nacional))","compra","Z25A (PENDIENTE (nacional)) → Z25A ▣"
"499","Destap llav pie Pintado","Garcia","Tallerista","N29","4","Z25B","Argolla Chica","1","Otros","Z25B (sin proveedor)","compra","Z25B (sin proveedor) → Z25B ▣"
"500","Abrelata Uña Pie 500 - Armada","Blist-Pack / Oscar","Tallerista","N29","1","GRJ1","Abrelata Uña Pie 500","1","Intermedios","Fleje 29","matriz","Fleje 29 → 〔Mat 27 (Corte Cuerpo Uña Pie)〕 → JF13 → 〔Daniel / Jade (Pintado)〕 → C2 → 〔Ximpa (Serigrafiado)〕 → 〔C1〕 → 〔GRJ1 ← Martin, Carlos ← C1 + C10 + V9〕 → GRJ1 ▣"
"500","Abrelata Uña Pie 500 - Armada","Blist-Pack / Oscar","Tallerista","N29","1","GRJ1","Abrelata Uña Pie 500","1","Intermedios","Fleje 57","matriz","Fleje 57 → 〔Mat 29 (Corte Uña)〕 → LF13 → 〔FAAT (Cementado)〕 → ST → 〔Guazzaroni (Zincado)〕 → 〔C10〕 → 〔GRJ1 ← Martin, Carlos ← C1 + C10 + V9〕 → GRJ1 ▣"
"500","Abrelata Uña Pie 500 - Armada","Blist-Pack / Oscar","Tallerista","N29","1","GRJ1","Abrelata Uña Pie 500","1","Intermedios","📦 Comprado (Remaches) — Bella Vista","compra_remache","📦 Comprado (Remaches) — Bella Vista → 〔Guazzaroni (Niquelado)〕 → 〔V9〕 → 〔GRJ1 ← Martin, Carlos ← C1 + C10 + V9〕 → GRJ1 ▣"
"500","Abrelata Uña Pie 500 - Armada","Blist-Pack / Oscar","Tallerista","N29","2","CCV2C","Cartón 500","1","Cartones","Comprado Cartones","compra","📦 Comprado (Cartones) → V2C ▣"
"501","Abrelata a Manija","Rafael","Prov Art Terminado","N22","1","V7","Rem. Abrelatas Niq","1","Remaches","📦 Comprado (Remaches) — Bella Vista","compra_remache","📦 Comprado (Remaches) — Bella Vista → 〔Guazzaroni (Niquelado)〕 → V7 ▣"
"501","Abrelata a Manija","Rafael","Prov Art Terminado","N22","2","W2P","Engranaje Grande","1","Otros","ST (sin origen)","ps_st","ST (sin origen) → 〔Pedernera (Cromado)〕 → W2P ▣"
"501","Abrelata a Manija","Rafael","Prov Art Terminado","N22","3","B13","Varilla C/ Cuchilla Crom.","1","Otros","Fleje 30","matriz","Fleje 30 → 〔Mat 6 (Corte y Estampa Varilla)〕 → HF7 → 〔Mat 10 (Armado Varilla C/Cuchilla)〕 → HF11 → 〔Pedernera (Cromado)〕 → B13 ▣"
"501","Abrelata a Manija","Rafael","Prov Art Terminado","N22","3","B13","Varilla C/ Cuchilla Crom.","1","Otros","Fleje 2","matriz","Fleje 2 → 〔Mat 7 (Corte Cuchilla Abrelatas)〕 → IF12 → 〔Mat 8 (Despunte Cuchilla)〕 → Mat 8 → 〔Mat 9 (Doblado Cuchilla)〕 → IF14 → 〔FAAT (Cementado)〕 → ST → 〔Guazzaroni (Pulido)〕 → IF16 → 〔Mat 10 (Armado Varilla C/Cuchilla)〕 → HF11 → 〔Pedernera (Cromado)〕 → B13 ▣"
"501","Abrelata a Manija","Rafael","Prov Art Terminado","N22","4","PC14","Manguito Abrelat. Rojo","1","Otros","PC14 (Pat Bet Plast)","compra","PC14 (Pat Bet Plast) → PC14 ▣"
"501","Abrelata a Manija","Rafael","Prov Art Terminado","N22","5","A4","Mgo Plano 501 Serig","1","Otros","Fleje 1","matriz","Fleje 1 → 〔Mat 356 (Corte Mango Plano Manija)〕 → G11 → 〔Mat 12B (Doblado Mango Plano Sin Marca)〕 → G13 → 〔Rec Color / Daniel / Jade (Pintado)〕 → A1 → 〔Ximpa (Serigrafiado)〕 → A4 ▣"
"501","Abrelata a Manija","Rafael","Prov Art Terminado","N22","6","W3P","Arandela 
 fina Niq.","1","Otros","Fleje 5","matriz","Fleje 5 → 〔Mat 22 (Corte Arandela fina 501)〕 → W3 → 〔Guazzaroni (Niquelado)〕 → W3P ▣"
"501","Abrelata a Manija","Rafael","Prov Art Terminado","N22","7","PA12","Pirolo Rojo","1","Otros","PA12 (Pat Bet Plast)","compra","PA12 (Pat Bet Plast) → PA12 ▣"
"501","Abrelata a Manija","Rafael","Prov Art Terminado","N22","8","W6","Arandelas Inox p/Mgo","2","Otros","Fleje 38","matriz","Fleje 38 → 〔Mat 16 (Corte Arandela manguito)〕 → W6 ▣"
"501","Abrelata a Manija","Rafael","Prov Art Terminado","N22","9","C6","Manija 
 Redonda Crom.","1","Otros","Fleje 30","matriz","Fleje 30 → 〔Mat 17 (Corte y Estampa Manija)〕 → Mat 17 → 〔Mat 18 (Aplastado Manija)〕 → Mat 18 → 〔Mat 19 (Recortado Manija)〕 → HF1 → 〔Pedernera (Cromado)〕 → C6 ▣"
"501","Abrelata a Manija","Rafael","Prov Art Terminado","N22","10","W1P","Buje Abrelata Manija","1","Otros","Fleje 4","matriz","Fleje 4 → 〔Mat 21 (Corte Arandela buje 501)〕 → W1 → 〔FAAT (Templado )〕 → ST → 〔Guazzaroni (Niquelado)〕 → W1P ▣"
"501","Abrelata a Manija","Rafael","Prov Art Terminado","N22","11","W4","Arandela Base Inox","1","Otros","Fleje 36","matriz","Fleje 36 → 〔Mat 344 (Corte Arandela Base)〕 → W4 ▣"
"501","Abrelata a Manija","Rafael","Prov Art Terminado","N22","12","CCD2","Cartón 501","1","Cartones","Comprado Cartones","compra","📦 Comprado (Cartones) → D2 ▣"
"502","Abrelatas A Mariposa","Poly","Tallerista","N2","1","PA8A","Buje Blanco","1","Otros","PA8A (Pat Bet Plast)","compra","PA8A (Pat Bet Plast) → PA8A ▣"
"502","Abrelatas A Mariposa","Poly","Tallerista","N2","2","CCD3","Cartón 502","1","Cartones","Comprado Cartones","compra","📦 Comprado (Cartones) → D3 ▣"
"502","Abrelatas A Mariposa","Poly","Tallerista","N2","3","V7","Rem. Abrelatas Niq","1","Remaches","📦 Comprado (Remaches) — Bella Vista","compra_remache","📦 Comprado (Remaches) — Bella Vista → 〔Guazzaroni (Niquelado)〕 → V7 ▣"
"502","Abrelatas A Mariposa","Poly","Tallerista","N2","4","W7P","Engranaje Chico","1","Otros","ST (sin origen)","ps_st","ST (sin origen) → 〔Pedernera (Cromado)〕 → W7P ▣"
"502","Abrelatas A Mariposa","Poly","Tallerista","N2","5","B11","Mariposa Abrelata","1","Otros","Fleje 7","matriz","Fleje 7 → 〔Mat 13 (Corte Mariposa)〕 → G15 → 〔Pedernera (Cromado)〕 → B11 ▣"
"502","Abrelatas A Mariposa","Poly","Tallerista","N2","6","W9P","Arandela Fina Marip Niq.","1","Otros","Fleje 5","matriz","Fleje 5 → 〔Mat 15 (Corte Arandela fina 502)〕 → W9 → 〔Guazzaroni (Niquelado)〕 → W9P ▣"
"502","Abrelatas A Mariposa","Poly","Tallerista","N2","7","B13","Varilla C/ Cuchilla Crom.","1","Otros","Fleje 30","matriz","Fleje 30 → 〔Mat 6 (Corte y Estampa Varilla)〕 → HF7 → 〔Mat 10 (Armado Varilla C/Cuchilla)〕 → HF11 → 〔Pedernera (Cromado)〕 → B13 ▣"
"502","Abrelatas A Mariposa","Poly","Tallerista","N2","7","B13","Varilla C/ Cuchilla Crom.","1","Otros","Fleje 2","matriz","Fleje 2 → 〔Mat 7 (Corte Cuchilla Abrelatas)〕 → IF12 → 〔Mat 8 (Despunte Cuchilla)〕 → Mat 8 → 〔Mat 9 (Doblado Cuchilla)〕 → IF14 → 〔FAAT (Cementado)〕 → ST → 〔Guazzaroni (Pulido)〕 → IF16 → 〔Mat 10 (Armado Varilla C/Cuchilla)〕 → HF11 → 〔Pedernera (Cromado)〕 → B13 ▣"
"502","Abrelatas A Mariposa","Poly","Tallerista","N2","8","PA12","Pirolo Rojo","1","Otros","PA12 (Pat Bet Plast)","compra","PA12 (Pat Bet Plast) → PA12 ▣"
"502","Abrelatas A Mariposa","Poly","Tallerista","N2","9","B9","Mgo plano crom 502","1","Otros","Fleje 6","matriz","Fleje 6 → 〔Mat 11 (Corte Mgo Plano Mariposa)〕 → IF4 → 〔Mat 12 (Doblado Mango Plano)〕 → IF6 → 〔Pedernera (Cromado)〕 → B9 ▣"
"504","Afila Cuchillos LK","Martin","Tallerista","N1","1","CCC3","Cartón 504","1","Cartones","Comprado Cartones","compra","📦 Comprado (Cartones) → C3 ▣"
"504","Afila Cuchillos LK","Martin","Tallerista","N1","2","PEP4","Afila Caladas","1","Otros","PEP4 (Pat Bet Plast)","compra","PEP4 (Pat Bet Plast) → PEP4 ▣"
"504","Afila Cuchillos LK","Martin","Tallerista","N1","3","E3","Arandela Chica Afila","8","Otros","Fleje 10","matriz","Fleje 10 → 〔Mat 72 (Corte Arandela Chica)〕 → KF9 → 〔Guazzaroni (Zincado)〕 → E3 ▣"
"504","Afila Cuchillos LK","Martin","Tallerista","N1","4","E4","Tochos Zincado Rectificado","0.06666666666666667","Otros","(loop: JF1)","loop","(loop: JF1) → 〔JF1〕 → 〔JF1 ← Lucho ← JF1〕 → JF1 → 〔Scor (Rectificado)〕 → E4 ▣"
"504","Afila Cuchillos LK","Martin","Tallerista","N1","5","V5","Rem. afila niq.","2","Remaches","📦 Comprado (Remaches) — Bella Vista","compra_remache","📦 Comprado (Remaches) — Bella Vista → 〔Guazzaroni (Niquelado)〕 → V5 ▣"
"505","Pelador Mgo Plastico","Garcia / Lucho","Tallerista","N29","1","Z23","Cuch. Pelapapa
 Loeke","1","Otros","Fleje 19","matriz","Fleje 19 → 〔Mat 1 (Corte Cuchilla Pelador)〕 → 〔X1〕 → 〔X5 ← Martin ← X1〕 → X5 → 〔New Metal / FAAT (Templado)〕 → ST → 〔Gaston Almafuerte / Chormium (Pavonado)〕 → Y1 → 〔Mat 501 (Piedra (TP))〕 → Z23 ▣"
"505","Pelador Mgo Plastico","Garcia / Lucho","Tallerista","N29","2","CCB1","Cartón 505","1","Cartones","Comprado Cartones","compra","📦 Comprado (Cartones) → B1 ▣"
"505","Pelador Mgo Plastico","Garcia / Lucho","Tallerista","N29","3","D9","Clavos Niq.","1","Otros","PCP3 (Martin Facciolo)","ps","PCP3 (Martin Facciolo) → 〔Guazzaroni (Niquelado)〕 → D9 ▣"
"505","Pelador Mgo Plastico","Garcia / Lucho","Tallerista","N29","4","PC1A","Mgo Pelapapa 505 Calado","1","Otros","PC2 (sin proveedor)","ps","PC2 (sin proveedor) → 〔Esther (Calado)〕 → PC1A ▣"
"505I","Pelador Mgo Plastico Loeke Super","Garcia / Lucho","Tallerista","","1","CCB1","Cartón 505","1","Cartones","Comprado Cartones","compra","📦 Comprado (Cartones) → B1 ▣"
"505I","Pelador Mgo Plastico Loeke Super","Garcia / Lucho","Tallerista","","2","Z23A","Cuch China","1","Otros","Z23A (sin proveedor)","compra","Z23A (sin proveedor) → Z23A ▣"
"505I","Pelador Mgo Plastico Loeke Super","Garcia / Lucho","Tallerista","","3","D9","Clavos Niq.","1","Otros","PCP3 (Martin Facciolo)","ps","PCP3 (Martin Facciolo) → 〔Guazzaroni (Niquelado)〕 → D9 ▣"
"505I","Pelador Mgo Plastico Loeke Super","Garcia / Lucho","Tallerista","","4","PC1A","Mgo Pelapapa 505 Calado","1","Otros","PC2 (sin proveedor)","ps","PC2 (sin proveedor) → 〔Esther (Calado)〕 → PC1A ▣"
"506","Abrelata Uña LK","Blist-Pack / Oscar","Tallerista","N29","1","GRJ7","Abrelata Uña 506","1","Intermedios","Fleje 13","matriz","Fleje 13 → 〔Mat 28 (Corte Cuerpo Uña)〕 → JF2 → 〔Rec Color / Daniel / Jade (Pintado)〕 → 〔A10〕 → 〔GRJ7 ← Martin, Carlos ← A10 + C10 + V9〕 → GRJ7 ▣"
"506","Abrelata Uña LK","Blist-Pack / Oscar","Tallerista","N29","1","GRJ7","Abrelata Uña 506","1","Intermedios","Fleje 57","matriz","Fleje 57 → 〔Mat 29 (Corte Uña)〕 → LF13 → 〔FAAT (Cementado)〕 → ST → 〔Guazzaroni (Zincado)〕 → 〔C10〕 → 〔GRJ7 ← Martin, Carlos ← A10 + C10 + V9〕 → GRJ7 ▣"
"506","Abrelata Uña LK","Blist-Pack / Oscar","Tallerista","N29","1","GRJ7","Abrelata Uña 506","1","Intermedios","📦 Comprado (Remaches) — Bella Vista","compra_remache","📦 Comprado (Remaches) — Bella Vista → 〔Guazzaroni (Niquelado)〕 → 〔V9〕 → 〔GRJ7 ← Martin, Carlos ← A10 + C10 + V9〕 → GRJ7 ▣"
"506","Abrelata Uña LK","Blist-Pack / Oscar","Tallerista","N29","2","CCV3A","Cartón 506","1","Cartones","Comprado Cartones","compra","📦 Comprado (Cartones) → V3A ▣"
"507","Rompenueces","Log/ Fabr","Fabricación interna","N2","1","V4","Rem Rompenuez","1","Remaches","📦 Comprado (Remaches) — Bella Vista","compra_remache","📦 Comprado (Remaches) — Bella Vista → 〔Guazzaroni (Niquelado)〕 → V4 ▣"
"507","Rompenueces","Log/ Fabr","Fabricación interna","N2","2","D5","Pieza Abierta Crom","1","Otros","Fleje 15","matriz","Fleje 15 → 〔Mat 73 (Corte Rompe Pza)〕 → Mat 73 → 〔Mat 74 (Estampado Rompenuez Cerrada)〕 → G7 → 〔Pedernera (Cromado)〕 → D5 ▣"
"507","Rompenueces","Log/ Fabr","Fabricación interna","N2","3","CCG1E","Cartón 507","1","Cartones","Comprado Cartones","compra","📦 Comprado (Cartones) → G1E ▣"
"507","Rompenueces","Log/ Fabr","Fabricación interna","N2","4","D6","Pieza Cerrada Crom","1","Otros","Fleje 15","matriz","Fleje 15 → 〔Mat 73 (Corte Rompe Pza)〕 → Mat 73 → 〔Mat 74 (Estampado Rompenuez Cerrada)〕 → G7 → 〔Mat 77 (Aplastado Punta Rompenuez)〕 → G8 → 〔Pedernera (Cromado)〕 → D6 ▣"
"508","Sacafuentes Articulado","Maspoli / Martin","Tallerista","N2","1","V6","Rem Sacafuente 3.7 x 29.6","1","Remaches","📦 Comprado (Remaches) — Bella Vista","compra_remache","📦 Comprado (Remaches) — Bella Vista → 〔Guazzaroni (Niquelado)〕 → V6 ▣"
"508","Sacafuentes Articulado","Maspoli / Martin","Tallerista","N2","2","W8","Vastago Sacafuente Pizzero","1","Otros","Guazzaroni (Niquelado)","ps","Guazzaroni (Niquelado) → W8 ▣"
"508","Sacafuentes Articulado","Maspoli / Martin","Tallerista","N2","3","PC12","Mgo Sacafuente Articulado 4.25mm","1","Otros","PC12 (Maspoli)","compra","PC12 (Maspoli) → PC12 ▣"
"508","Sacafuentes Articulado","Maspoli / Martin","Tallerista","N2","4","Z2A","Pza Gde Sacaf. Articu. LK","1","Otros","Fleje 16","matriz","Fleje 16 → 〔Mat 153 (Corte Pza Grande Sacafuente)〕 → Mat 153 → 〔Mat 156 (Doblado Pza Grande)〕 → Mat 156 → 〔Mat 127 (Estampado Pza Grande)〕 → Z2B → 〔Pedernera (Cromado)〕 → Z2A ▣"
"508","Sacafuentes Articulado","Maspoli / Martin","Tallerista","N2","5","Z1A","Pza Chica Sacaf. Articu. LK/CH","1","Otros","Fleje 17","matriz","Fleje 17 → 〔Mat 152 (Corte Pza Chica Sacafuente)〕 → Mat 152 → 〔Mat 154 (Doblado Pza Chica)〕 → Mat 154 → 〔Mat 155 (Estampado Pza Chica)〕 → Z4 → 〔Pedernera (Cromado)〕 → Z1A ▣"
"508","Sacafuentes Articulado","Maspoli / Martin","Tallerista","N2","6","CCG6A","Cartón 508","1","Cartones","Comprado Cartones","compra","📦 Comprado (Cartones) → G6A ▣"
"508","Sacafuentes Articulado","Maspoli / Martin","Tallerista","N2","7","D13","Virola Sacafuente Niq","1","Otros","Fleje 27","matriz","Fleje 27 → 〔Mat 219 (Hacer Virola)〕 → D13B → 〔Guazzaroni (Niquelado)〕 → D13 ▣"
"510","Abrelata uña crom","Blist-Pack / Oscar / Oscar","Tallerista","N29","1","GRJ9","Abrelata Uña 510","1","Intermedios","Fleje 13","matriz","Fleje 13 → 〔Mat 28B (Corte Cuerpo Uña p/Cromar)〕 → JF5 → 〔Pedernera (Cromado)〕 → 〔A15〕 → 〔GRJ9 ← Martin, Carlos ← A15 + C10 + V9〕 → GRJ9 ▣"
"510","Abrelata uña crom","Blist-Pack / Oscar / Oscar","Tallerista","N29","1","GRJ9","Abrelata Uña 510","1","Intermedios","Fleje 57","matriz","Fleje 57 → 〔Mat 29 (Corte Uña)〕 → LF13 → 〔FAAT (Cementado)〕 → ST → 〔Guazzaroni (Zincado)〕 → 〔C10〕 → 〔GRJ9 ← Martin, Carlos ← A15 + C10 + V9〕 → GRJ9 ▣"
"510","Abrelata uña crom","Blist-Pack / Oscar / Oscar","Tallerista","N29","1","GRJ9","Abrelata Uña 510","1","Intermedios","📦 Comprado (Remaches) — Bella Vista","compra_remache","📦 Comprado (Remaches) — Bella Vista → 〔Guazzaroni (Niquelado)〕 → 〔V9〕 → 〔GRJ9 ← Martin, Carlos ← A15 + C10 + V9〕 → GRJ9 ▣"
"510","Abrelata uña crom","Blist-Pack / Oscar / Oscar","Tallerista","N29","2","CCV2B","Cartón 510","1","Cartones","Comprado Cartones","compra","📦 Comprado (Cartones) → V2B ▣"
"511","3 En 1 LK","Martin","Tallerista","N22","1","V9","Remache uña niq.","2","Remaches","📦 Comprado (Remaches) — Bella Vista","compra_remache","📦 Comprado (Remaches) — Bella Vista → 〔Guazzaroni (Niquelado)〕 → V9 ▣"
"511","3 En 1 LK","Martin","Tallerista","N22","2","V13","Rem Plaquita 3 en 1","2","Remaches","📦 Comprado (Remaches) — Electronica Mandelli","compra_remache","📦 Comprado (Remaches) — Electronica Mandelli → V13 ▣"
"511","3 En 1 LK","Martin","Tallerista","N22","3","PA1","Plaquita 3 en 1 LK","1","Otros","PA1 (Pat Bet Plast)","compra","PA1 (Pat Bet Plast) → PA1 ▣"
"511","3 En 1 LK","Martin","Tallerista","N22","4","C10","Uña Zincada","1","Otros","Fleje 57","matriz","Fleje 57 → 〔Mat 29 (Corte Uña)〕 → LF13 → 〔FAAT (Cementado)〕 → ST → 〔Guazzaroni (Zincado)〕 → C10 ▣"
"511","3 En 1 LK","Martin","Tallerista","N22","5","C4","3 En 1 LK","1","Otros","Fleje 6","matriz","Fleje 6 → 〔Mat 32 (Corte Cuerpo 3 en 1)〕 → Mat 32 → 〔Mat 33 (Estampado Cuerpo 3 en 1)〕 → JF10 → 〔Pedernera (Cromado)〕 → C4 ▣"
"511","3 En 1 LK","Martin","Tallerista","N22","6","CCG3D","Cartón 511","1","Cartones","Comprado Cartones","compra","📦 Comprado (Cartones) → G3D ▣"
"512","Abrelata Mariposa Plastic","Poly","Tallerista","N2","1","CCD1B","Cartón 512","1","Cartones","Comprado Cartones","compra","📦 Comprado (Cartones) → D1B ▣"
"512","Abrelata Mariposa Plastic","Poly","Tallerista","N2","2","B11","Mariposa Abrelata","1","Otros","Fleje 7","matriz","Fleje 7 → 〔Mat 13 (Corte Mariposa)〕 → G15 → 〔Pedernera (Cromado)〕 → B11 ▣"
"512","Abrelata Mariposa Plastic","Poly","Tallerista","N2","3","PA12","Pirolo Rojo","1","Otros","PA12 (Pat Bet Plast)","compra","PA12 (Pat Bet Plast) → PA12 ▣"
"512","Abrelata Mariposa Plastic","Poly","Tallerista","N2","4","Z29","Mgo Plano 512","1","Otros","Fleje 6","matriz","Fleje 6 → 〔Mat 11 (Corte Mgo Plano Mariposa)〕 → IF4 → 〔Mat 12 (Doblado Mango Plano)〕 → IF6 → 〔Rec Color / Jade / Daniel (Pintado)〕 → Z29 ▣"
"512","Abrelata Mariposa Plastic","Poly","Tallerista","N2","5","V7","Rem. Abrelatas Niq","1","Remaches","📦 Comprado (Remaches) — Bella Vista","compra_remache","📦 Comprado (Remaches) — Bella Vista → 〔Guazzaroni (Niquelado)〕 → V7 ▣"
"512","Abrelata Mariposa Plastic","Poly","Tallerista","N2","6","PA9","Capuchon Mariposa 512","1","Otros","PA9 (Pat Bet Plast)","compra","PA9 (Pat Bet Plast) → PA9 ▣"
"512","Abrelata Mariposa Plastic","Poly","Tallerista","N2","7","PA8A","Buje Blanco","1","Otros","PA8A (Pat Bet Plast)","compra","PA8A (Pat Bet Plast) → PA8A ▣"
"512","Abrelata Mariposa Plastic","Poly","Tallerista","N2","8","W9P","Arandela Fina Marip Niq.","1","Otros","Fleje 5","matriz","Fleje 5 → 〔Mat 15 (Corte Arandela fina 502)〕 → W9 → 〔Guazzaroni (Niquelado)〕 → W9P ▣"
"512","Abrelata Mariposa Plastic","Poly","Tallerista","N2","9","B13","Varilla C/ Cuchilla Crom.","1","Otros","Fleje 30","matriz","Fleje 30 → 〔Mat 6 (Corte y Estampa Varilla)〕 → HF7 → 〔Mat 10 (Armado Varilla C/Cuchilla)〕 → HF11 → 〔Pedernera (Cromado)〕 → B13 ▣"
"512","Abrelata Mariposa Plastic","Poly","Tallerista","N2","9","B13","Varilla C/ Cuchilla Crom.","1","Otros","Fleje 2","matriz","Fleje 2 → 〔Mat 7 (Corte Cuchilla Abrelatas)〕 → IF12 → 〔Mat 8 (Despunte Cuchilla)〕 → Mat 8 → 〔Mat 9 (Doblado Cuchilla)〕 → IF14 → 〔FAAT (Cementado)〕 → ST → 〔Guazzaroni (Pulido)〕 → IF16 → 〔Mat 10 (Armado Varilla C/Cuchilla)〕 → HF11 → 〔Pedernera (Cromado)〕 → B13 ▣"
"512","Abrelata Mariposa Plastic","Poly","Tallerista","N2","10","W7P","Engranaje Chico","1","Otros","ST (sin origen)","ps_st","ST (sin origen) → 〔Pedernera (Cromado)〕 → W7P ▣"
"513","Pelador Mgo Metalico","Poly","Tallerista","N22","1","M5","Mgo Pelador LK Crom.","1","Otros","Fleje 20","matriz","Fleje 20 → 〔Mat 3 (Corte y Estampado Mango pela)〕 → 〔M10〕 → 〔M6 ← Poly ← M10〕 → M6 → 〔Pedernera (Cromado)〕 → M5 ▣"
"513","Pelador Mgo Metalico","Poly","Tallerista","N22","2","Z23","Cuch. Pelapapa
 Loeke","1","Otros","Fleje 19","matriz","Fleje 19 → 〔Mat 1 (Corte Cuchilla Pelador)〕 → 〔X1〕 → 〔X5 ← Martin ← X1〕 → X5 → 〔New Metal / FAAT (Templado)〕 → ST → 〔Gaston Almafuerte / Chormium (Pavonado)〕 → Y1 → 〔Mat 501 (Piedra (TP))〕 → Z23 ▣"
"513","Pelador Mgo Metalico","Poly","Tallerista","N22","3","D9","Clavos Niq.","1","Otros","PCP3 (Martin Facciolo)","ps","PCP3 (Martin Facciolo) → 〔Guazzaroni (Niquelado)〕 → D9 ▣"
"513","Pelador Mgo Metalico","Poly","Tallerista","N22","4","CCC1","Cartón 513","1","Cartones","Comprado Cartones","compra","📦 Comprado (Cartones) → C1 ▣"
"515","Batidor Resorte","Carlos","Tallerista","N2","1","BOM10","Resorte Biconico","1","Otros","BOM10 (sin proveedor)","compra","BOM10 (sin proveedor) → BOM10 ▣"
"515","Batidor Resorte","Carlos","Tallerista","N2","2","FE1","Varilla 
 Batidor","1","Otros","FE1 (sin proveedor)","compra","FE1 (sin proveedor) → FE1 ▣"
"515","Batidor Resorte","Carlos","Tallerista","N2","3","PC10","Mango LK Espatula","1","Otros","PC10 (Pat Bet Plast)","compra","PC10 (Pat Bet Plast) → PC10 ▣"
"515","Batidor Resorte","Carlos","Tallerista","N2","4","W1B","Grampa
 Batidor","1","Otros","W1B (sin proveedor)","compra","W1B (sin proveedor) → W1B ▣"
"515","Batidor Resorte","Carlos","Tallerista","N2","5","","Cartón 515","1","Cartones","Compra Cartones","compra","Compra (Cartones) → Cartón 515 ▣"
"515","Batidor Resorte","Carlos","Tallerista","N2","6","PA13","Capuchon Batidor LK","1","Otros","PA13 (Pat Bet Plast)","compra","PA13 (Pat Bet Plast) → PA13 ▣"
"516","DestapaCorona LK Suelto","Garcia","Tallerista","N22","1","Z25A","Argolla Grande","1","Otros","Z25A (PENDIENTE (nacional))","compra","Z25A (PENDIENTE (nacional)) → Z25A ▣"
"516","DestapaCorona LK Suelto","Garcia","Tallerista","N22","2","C5","Destapa Corona Crom","1","Otros","Fleje 21","matriz","Fleje 21 → 〔Mat 79 (Corte Destapacorona)〕 → JF8 → 〔Mat 80 (Estampa Destapacorona)〕 → Mat 80 → 〔Mat 81 (Doblado Destapacorona)〕 → JF7 → 〔Pedernera (Cromado)〕 → C5 ▣"
"516","DestapaCorona LK Suelto","Garcia","Tallerista","N22","2","C5","Destapa Corona Crom","1","Otros","Fleje 21","matriz","Fleje 21 → 〔Mat 79 (Corte Destapacorona)〕 → G1 → 〔Mat 80 (Estampa Destapacorona)〕 → Mat 80 → 〔Mat 81 (Doblado Destapacorona)〕 → JF7 → 〔Pedernera (Cromado)〕 → C5 ▣"
"518","Sacafuente Pizzero LK","Maspoli / Lucho","Tallerista","N7","1","W8","Vastago Sacafuente Pizzero","1","Remaches","Guazzaroni (Niquelado)","ps","Guazzaroni (Niquelado) → W8 ▣"
"518","Sacafuente Pizzero LK","Maspoli / Lucho","Tallerista","N7","2","PEP7","Mgo Sacafuente Pizzero 7.25mm","1","Otros","PEP7 (Maspoli)","compra","PEP7 (Maspoli) → PEP7 ▣"
"518","Sacafuente Pizzero LK","Maspoli / Lucho","Tallerista","N7","3","E10","Sacafuente Pizzero","1","Otros","V15C (sin proveedor)","matriz","V15C (sin proveedor) → 〔Mat 151 (Remachado Sacafuente)〕 → Z36 → 〔Pedernera (Cromado)〕 → E10 ▣"
"518","Sacafuente Pizzero LK","Maspoli / Lucho","Tallerista","N7","3","E10","Sacafuente Pizzero","1","Otros","Fleje 8","matriz","Fleje 8 → 〔Mat 365 (Corte Pieza Grande SacaFuente Pizzero)〕 → Mat 365 → 〔Mat 368 (Doblado Sacfuente)〕 → Z5 → 〔Mat 151 (Remachado Sacafuente)〕 → Z36 → 〔Pedernera (Cromado)〕 → E10 ▣"
"518","Sacafuente Pizzero LK","Maspoli / Lucho","Tallerista","N7","3","E10","Sacafuente Pizzero","1","Otros","Fleje 69","matriz","Fleje 69 → 〔Mat 364 (Corte Pieza Chica SacaFuente Pizzero)〕 → Z6 → 〔Mat 151 (Remachado Sacafuente)〕 → Z36 → 〔Pedernera (Cromado)〕 → E10 ▣"
"518","Sacafuente Pizzero LK","Maspoli / Lucho","Tallerista","N7","4","D13","Virola Sacafuente Niq","1","Otros","Fleje 27","matriz","Fleje 27 → 〔Mat 219 (Hacer Virola)〕 → D13B → 〔Guazzaroni (Niquelado)〕 → D13 ▣"
"518","Sacafuente Pizzero LK","Maspoli / Lucho","Tallerista","N7","5","CCG7E","Cartón 518","1","Cartones","Comprado Cartones","compra","📦 Comprado (Cartones) → G7E ▣"
"519","Cuchillo Untar Mgo Madera x2","Pintos / Log/ Fabr","Fabricación interna","N22","1","CCG5E","Cartón 519","1","Cartones","Comprado Cartones","compra","📦 Comprado (Cartones) → G5E ▣"
"519","Cuchillo Untar Mgo Madera x2","Pintos / Log/ Fabr","Fabricación interna","N22","2","PA4","Mang Cuch Unt Rojo","2","Otros","PA4 (Pat Bet Plast)","compra","PA4 (Pat Bet Plast) → PA4 ▣"
"519","Cuchillo Untar Mgo Madera x2","Pintos / Log/ Fabr","Fabricación interna","N22","3","E7","Hoja","2","Otros","Fleje 41","matriz","Fleje 41 → 〔Mat 348 (Corte Cuch Untar Mgo Madera)〕 → E7 ▣"
"519","Cuchillo Untar Mgo Madera x2","Pintos / Log/ Fabr","Fabricación interna","N22","4","W5","Arandela","2","Otros","📦 Comprado (Remaches) — sin proveedor","compra_remache","📦 Comprado (Remaches) — sin proveedor → W5 ▣"
"520","Sac Mozo Crom","Martin","Tallerista","N29","1","D4","Cabezal Crom.","1","Otros","Fleje 24","matriz","Fleje 24 → 〔Mat 45 (Corte Cabezal)〕 → JF14 → 〔Mat 46 (Doblado Cabezal)〕 → JF15 → 〔Pedernera (Cromado)〕 → D4 ▣"
"520","Sac Mozo Crom","Martin","Tallerista","N29","2","C15","C Sacacorcho 520 Crom","1","Otros","Fleje 22","matriz","Fleje 22 → 〔Mat 37 (Corte Cuerpo Sacac.)〕 → Mat 37 → 〔Mat 38 (Doblado Cuerpo Sacacorcho)〕 → Mat 38 → 〔Mat 39 (Cerrado Cuerpo Sacacorcho)〕 → KF5 → 〔Mat Martin〕 → G3 → 〔Pedernera (Cromado)〕 → C15 ▣"
"520","Sac Mozo Crom","Martin","Tallerista","N29","2","C15","C Sacacorcho 520 Crom","1","Otros","Fleje 23","matriz","Fleje 23 → 〔Mat 44 (Corte Cuchufli)〕 → LF16 → 〔Mat Martin〕 → G3 → 〔Pedernera (Cromado)〕 → C15 ▣"
"520","Sac Mozo Crom","Martin","Tallerista","N29","3","D14","Resorte 520 Niquel","1","Otros","ST (sin origen)","ps_st","ST (sin origen) → 〔Guazzaroni (Niquelado)〕 → D14 ▣"
"520","Sac Mozo Crom","Martin","Tallerista","N29","4","D1","Espiral 520 Chino","1","Otros","D1 (sin proveedor)","compra","D1 (sin proveedor) → D1 ▣"
"520","Sac Mozo Crom","Martin","Tallerista","N29","5","CCE2A","Cartón 520","1","Cartones","Comprado Cartones","compra","📦 Comprado (Cartones) → E2A ▣"
"520","Sac Mozo Crom","Martin","Tallerista","N29","6","V2","Rem. Cabezal Niq","1","Remaches","📦 Comprado (Remaches) — Bella Vista","compra_remache","📦 Comprado (Remaches) — Bella Vista → 〔Guazzaroni (Niquelado)〕 → V2 ▣"
"520","Sac Mozo Crom","Martin","Tallerista","N29","7","V1","Remache Espiral","1","Remaches","V1B (sin proveedor)","ps","V1B (sin proveedor) → 〔AJ Adhesivos (Adhesivado)〕 → V1C → 〔Guazzaroni (Niquelado)〕 → V1 ▣"
"521","Sac Comb Crom","Martin","Tallerista","N29","1","C16","C Sacacorcho 521 Crom","1","Otros","Fleje 22","matriz","Fleje 22 → 〔Mat 37 (Corte Cuerpo Sacac.)〕 → Mat 37 → 〔Mat 38 (Doblado Cuerpo Sacacorcho)〕 → Mat 38 → 〔Mat 39 (Cerrado Cuerpo Sacacorcho)〕 → KF5 → 〔Mat Martin〕 → G4 → 〔Pedernera (Cromado)〕 → C16 ▣"
"521","Sac Comb Crom","Martin","Tallerista","N29","1","C16","C Sacacorcho 521 Crom","1","Otros","Fleje 23","matriz","Fleje 23 → 〔Mat 44 (Corte Cuchufli)〕 → LF16 → 〔Mat Martin〕 → G4 → 〔Pedernera (Cromado)〕 → C16 ▣"
"521","Sac Comb Crom","Martin","Tallerista","N29","1","C16","C Sacacorcho 521 Crom","1","Otros","Fleje 25","matriz","Fleje 25 → 〔Mat 40 (Corte Sacatapita)〕 → KF7 → 〔Mat 41 (Estampado Sacatapita)〕 → KF8 → 〔Mat Martin〕 → G4 → 〔Pedernera (Cromado)〕 → C16 ▣"
"521","Sac Comb Crom","Martin","Tallerista","N29","2","V2","Rem. Cabezal Niq","1","Remaches","📦 Comprado (Remaches) — Bella Vista","compra_remache","📦 Comprado (Remaches) — Bella Vista → 〔Guazzaroni (Niquelado)〕 → V2 ▣"
"521","Sac Comb Crom","Martin","Tallerista","N29","3","D14","Resorte 520 Niquel","1","Otros","ST (sin origen)","ps_st","ST (sin origen) → 〔Guazzaroni (Niquelado)〕 → D14 ▣"
"521","Sac Comb Crom","Martin","Tallerista","N29","4","D4","Cabezal Crom.","1","Otros","Fleje 24","matriz","Fleje 24 → 〔Mat 45 (Corte Cabezal)〕 → JF14 → 〔Mat 46 (Doblado Cabezal)〕 → JF15 → 〔Pedernera (Cromado)〕 → D4 ▣"
"521","Sac Comb Crom","Martin","Tallerista","N29","5","V1","Remache Espiral","1","Remaches","V1B (sin proveedor)","ps","V1B (sin proveedor) → 〔AJ Adhesivos (Adhesivado)〕 → V1C → 〔Guazzaroni (Niquelado)〕 → V1 ▣"
"521","Sac Comb Crom","Martin","Tallerista","N29","6","CCE1A","Cartón 521","1","Cartones","Comprado Cartones","compra","📦 Comprado (Cartones) → E1A ▣"
"521","Sac Comb Crom","Martin","Tallerista","N29","7","D1","Espiral 520 Chino","1","Otros","D1 (sin proveedor)","compra","D1 (sin proveedor) → D1 ▣"
"523","Sacac Doble Aleta Lk","Rafael","Prov Art Terminado","N2","1","D3","Aleta Izquierda","1","Otros","Fleje 92","matriz","Fleje 92 → 〔Mat 116 (Corte de Aleta)〕 → LF11 → 〔Mat 114A (Doblado Aleta Izquierda)〕 → Mat 114A → 〔Mat 221 (Estampado Aleta)〕 → LF9 → 〔Pedernera (Cromado)〕 → D3 ▣"
"523","Sacac Doble Aleta Lk","Rafael","Prov Art Terminado","N2","2","PC15A","Cpo de doble aleta LK","1","Otros","PC15 (Pettofrezza)","ps","PC15 (Pettofrezza) → 〔Ximpa (Serigrafiado)〕 → PC15A ▣"
"523","Sacac Doble Aleta Lk","Rafael","Prov Art Terminado","N2","3","CCE4A","Cartón 523","1","Cartones","Comprado Cartones","compra","📦 Comprado (Cartones) → E4A ▣"
"523","Sacac Doble Aleta Lk","Rafael","Prov Art Terminado","N2","4","V8","Remache Doble Aleta","2","Remaches","📦 Comprado (Remaches) — Bella Vista","compra_remache","📦 Comprado (Remaches) — Bella Vista → 〔Guazzaroni (Niquelado)〕 → V8 ▣"
"523","Sacac Doble Aleta Lk","Rafael","Prov Art Terminado","N2","5","E13","Cremallera","1","Otros","📦 Comprado (Remaches) — Bella Vista","compra_remache","📦 Comprado (Remaches) — Bella Vista → 〔Guazzaroni (Pulido)〕 → Z33 → 〔Pedernera (Cromado)〕 → E13 ▣"
"523","Sacac Doble Aleta Lk","Rafael","Prov Art Terminado","N2","6","D2","Aleta Derecha","1","Otros","Fleje 92","matriz","Fleje 92 → 〔Mat 116 (Corte de Aleta)〕 → LF12 → 〔Mat 114B (Doblado Aleta Derecha)〕 → Mat 114B → 〔Mat 221 (Estampado Aleta)〕 → LF10 → 〔Pedernera (Cromado)〕 → D2 ▣"
"530","Sac Mozo Pint","Martin","Tallerista","N29","1","B4","Cpo Sacacorcho Pint Azul LK/CH","1","Otros","Fleje 22","matriz","Fleje 22 → 〔Mat 37 (Corte Cuerpo Sacac.)〕 → Mat 37 → 〔Mat 38 (Doblado Cuerpo Sacacorcho)〕 → Mat 38 → 〔Mat 39 (Cerrado Cuerpo Sacacorcho)〕 → KF2 → 〔Jade / Daniel (Pintado)〕 → B4 ▣"
"530","Sac Mozo Pint","Martin","Tallerista","N29","2","D1","Espiral 520 Chino","1","Otros","D1 (sin proveedor)","compra","D1 (sin proveedor) → D1 ▣"
"530","Sac Mozo Pint","Martin","Tallerista","N29","3","V3","Rem. Sacatapita Niq","1","Remaches","📦 Comprado (Remaches) — Bella Vista","compra_remache","📦 Comprado (Remaches) — Bella Vista → 〔Guazzaroni (Niquelado)〕 → V3 ▣"
"530","Sac Mozo Pint","Martin","Tallerista","N29","4","D4","Cabezal Crom.","1","Otros","Fleje 24","matriz","Fleje 24 → 〔Mat 45 (Corte Cabezal)〕 → JF14 → 〔Mat 46 (Doblado Cabezal)〕 → JF15 → 〔Pedernera (Cromado)〕 → D4 ▣"
"530","Sac Mozo Pint","Martin","Tallerista","N29","5","D14","Resorte 520 Niquel","1","Otros","ST (sin origen)","ps_st","ST (sin origen) → 〔Guazzaroni (Niquelado)〕 → D14 ▣"
"530","Sac Mozo Pint","Martin","Tallerista","N29","6","E15","Cuchufli Zincado","1","Otros","Fleje 23","matriz","Fleje 23 → 〔Mat 44 (Corte Cuchufli)〕 → LF16 → 〔Guazzaroni (Zincado)〕 → E15 ▣"
"530","Sac Mozo Pint","Martin","Tallerista","N29","7","CCE3","Cartón 530","1","Cartones","Comprado Cartones","compra","📦 Comprado (Cartones) → E3 ▣"
"530","Sac Mozo Pint","Martin","Tallerista","N29","8","V1","Remache Espiral","1","Remaches","V1B (sin proveedor)","ps","V1B (sin proveedor) → 〔AJ Adhesivos (Adhesivado)〕 → V1C → 〔Guazzaroni (Niquelado)〕 → V1 ▣"
"531","Sac Comb Pint","Martin","Tallerista","N29","1","D14","Resorte 520 Niquel","1","Otros","ST (sin origen)","ps_st","ST (sin origen) → 〔Guazzaroni (Niquelado)〕 → D14 ▣"
"531","Sac Comb Pint","Martin","Tallerista","N29","2","V1","Remache Espiral","1","Remaches","V1B (sin proveedor)","ps","V1B (sin proveedor) → 〔AJ Adhesivos (Adhesivado)〕 → V1C → 〔Guazzaroni (Niquelado)〕 → V1 ▣"
"531","Sac Comb Pint","Martin","Tallerista","N29","3","D4","Cabezal Crom.","1","Otros","Fleje 24","matriz","Fleje 24 → 〔Mat 45 (Corte Cabezal)〕 → JF14 → 〔Mat 46 (Doblado Cabezal)〕 → JF15 → 〔Pedernera (Cromado)〕 → D4 ▣"
"531","Sac Comb Pint","Martin","Tallerista","N29","4","V2","Rem. Cabezal Niq","1","Remaches","📦 Comprado (Remaches) — Bella Vista","compra_remache","📦 Comprado (Remaches) — Bella Vista → 〔Guazzaroni (Niquelado)〕 → V2 ▣"
"531","Sac Comb Pint","Martin","Tallerista","N29","5","CCE4B","Cartón 531","1","Cartones","Comprado Cartones","compra","📦 Comprado (Cartones) → E4B ▣"
"531","Sac Comb Pint","Martin","Tallerista","N29","6","B4","Cpo Sacacorcho Pint Azul LK/CH","1","Otros","Fleje 22","matriz","Fleje 22 → 〔Mat 37 (Corte Cuerpo Sacac.)〕 → Mat 37 → 〔Mat 38 (Doblado Cuerpo Sacacorcho)〕 → Mat 38 → 〔Mat 39 (Cerrado Cuerpo Sacacorcho)〕 → KF2 → 〔Jade / Daniel (Pintado)〕 → B4 ▣"
"531","Sac Comb Pint","Martin","Tallerista","N29","7","V3","Rem. Sacatapita Niq","1","Remaches","📦 Comprado (Remaches) — Bella Vista","compra_remache","📦 Comprado (Remaches) — Bella Vista → 〔Guazzaroni (Niquelado)〕 → V3 ▣"
"531","Sac Comb Pint","Martin","Tallerista","N29","8","C8","Sacatapita Crom","1","Otros","Fleje 25","matriz","Fleje 25 → 〔Mat 40 (Corte Sacatapita)〕 → KF7 → 〔Mat 41 (Estampado Sacatapita)〕 → KF8 → 〔Pedernera (Cromado)〕 → C8 ▣"
"531","Sac Comb Pint","Martin","Tallerista","N29","9","D1","Espiral 520 Chino","1","Otros","D1 (sin proveedor)","compra","D1 (sin proveedor) → D1 ▣"
"532","Cuchara De Helado","Rafael","Prov Art Terminado","N7","1","G2B","Cartón 532","1","Otros","G2B (sin proveedor)","compra","G2B (sin proveedor) → G2B ▣"
"534","Cepillo Lavavajilla","Carlos","Tallerista","N10","1","PA17","Mango LK Cuch y P Torta","1","Otros","PA17 (Pat Bet Plast)","compra","PA17 (Pat Bet Plast) → PA17 ▣"
"534","Cepillo Lavavajilla","Carlos","Tallerista","N10","2","GRJ 3B","Cepillo Lavavajilla","1","Otros","GRJ 3B (Roster)","compra","GRJ 3B (Roster) → GRJ 3B ▣"
"534","Cepillo Lavavajilla","Carlos","Tallerista","N10","3","PA13","Capuchon Batidor LK","1","Otros","PA13 (Pat Bet Plast)","compra","PA13 (Pat Bet Plast) → PA13 ▣"
"534","Cepillo Lavavajilla","Carlos","Tallerista","N10","4","","Cartón 534","1","Cartones","Compra Cartones","compra","Compra (Cartones) → Cartón 534 ▣"
"535","Cepillo Limp Vaso Mamad","Carlos","Tallerista","N6","1","PA13","Capuchon Batidor LK","1","Otros","PA13 (Pat Bet Plast)","compra","PA13 (Pat Bet Plast) → PA13 ▣"
"535","Cepillo Limp Vaso Mamad","Carlos","Tallerista","N6","2","GRJ3","Cepillo Limp Vaso Mamadera","1","Otros","GRJ3 (Roster)","compra","GRJ3 (Roster) → GRJ3 ▣"
"535","Cepillo Limp Vaso Mamad","Carlos","Tallerista","N6","3","CCL3C","Cartón 535","1","Cartones","Comprado Cartones","compra","📦 Comprado (Cartones) → L3C ▣"
"535","Cepillo Limp Vaso Mamad","Carlos","Tallerista","N6","4","PA17","Mango LK Cuch y P Torta","1","Otros","PA17 (Pat Bet Plast)","compra","PA17 (Pat Bet Plast) → PA17 ▣"
"542","Ahueca Papas","Log/ Fabr","Fabricación interna","N22","1","PC10","Mango LK Espatula","1","Otros","PC10 (Pat Bet Plast)","compra","PC10 (Pat Bet Plast) → PC10 ▣"
"542","Ahueca Papas","Log/ Fabr","Fabricación interna","N22","2","PA18","Capuchon Espatula LK","1","Otros","PA18 (Pat Bet Plast)","compra","PA18 (Pat Bet Plast) → PA18 ▣"
"542","Ahueca Papas","Log/ Fabr","Fabricación interna","N22","3","CCG5A","Cartón 542","1","Cartones","Comprado Cartones","compra","📦 Comprado (Cartones) → G5A ▣"
"542","Ahueca Papas","Log/ Fabr","Fabricación interna","N22","4","D16B","Ahueca Papa Crom.","1","Otros","Fleje 61","matriz","Fleje 61 → 〔Mat 360 (Corte Ahueca)〕 → N4 → 〔Mat 183 (Soldar Ahuecapapa/Ahuecafruta)〕 → N2 → 〔Pedernera (Cromado)〕 → D16B ▣"
"542","Ahueca Papas","Log/ Fabr","Fabricación interna","N22","4","D16B","Ahueca Papa Crom.","1","Otros","Fleje 59","matriz","Fleje 59 → 〔Mat 361 (Corte Flechita Ahueca)〕 → Mat 361 → 〔Mat 182 (Estampado flecha de ahuecapapa/ahuecafruta)〕 → N3 → 〔Mat 183 (Soldar Ahuecapapa/Ahuecafruta)〕 → N2 → 〔Pedernera (Cromado)〕 → D16B ▣"
"543","Ahueca Frutas","Log/ Fabr","Fabricación interna","N22","1","PC10","Mango LK Espatula","1","Otros","PC10 (Pat Bet Plast)","compra","PC10 (Pat Bet Plast) → PC10 ▣"
"543","Ahueca Frutas","Log/ Fabr","Fabricación interna","N22","2","PA18","Capuchon Espatula LK","1","Otros","PA18 (Pat Bet Plast)","compra","PA18 (Pat Bet Plast) → PA18 ▣"
"543","Ahueca Frutas","Log/ Fabr","Fabricación interna","N22","3","CCG5B","Cartón 543","1","Cartones","Comprado Cartones","compra","📦 Comprado (Cartones) → G5B ▣"
"543","Ahueca Frutas","Log/ Fabr","Fabricación interna","N22","4","D16A","Ahueca Frutas Crom.","1","Otros","Fleje 61","matriz","Fleje 61 → 〔Mat 360 (Corte Ahueca)〕 → N5 → 〔Mat 183 (Soldar Ahuecapapa/Ahuecafruta)〕 → N1 → 〔Pedernera (Cromado)〕 → D16A ▣"
"543","Ahueca Frutas","Log/ Fabr","Fabricación interna","N22","4","D16A","Ahueca Frutas Crom.","1","Otros","Fleje 59","matriz","Fleje 59 → 〔Mat 361 (Corte Flechita Ahueca)〕 → Mat 361 → 〔Mat 182 (Estampado flecha de ahuecapapa/ahuecafruta)〕 → N3 → 〔Mat 183 (Soldar Ahuecapapa/Ahuecafruta)〕 → N1 → 〔Pedernera (Cromado)〕 → D16A ▣"
"544","Batidor Pera LK","Pedernera / Pedernera / Pedernera","Tallerista","N12","1","CCF2","Cartón 544","1","Cartones","Comprado Cartones","compra","📦 Comprado (Cartones) → F2 ▣"
"544","Batidor Pera LK","Pedernera / Pedernera / Pedernera","Tallerista","N12","2","GRJ10","Batidor Pera","1","Otros","Fleje31 (sin proveedor)","compra","Fleje31 (sin proveedor) → 〔Fleje31〕 → 〔GRJ10 ← Carlos ← Fleje31 + Fleje32 + LLF7B + LLF8〕 → GRJ10 ▣"
"544","Batidor Pera LK","Pedernera / Pedernera / Pedernera","Tallerista","N12","2","GRJ10","Batidor Pera","1","Otros","Fleje32 (sin proveedor)","compra","Fleje32 (sin proveedor) → 〔Fleje32〕 → 〔GRJ10 ← Carlos ← Fleje31 + Fleje32 + LLF7B + LLF8〕 → GRJ10 ▣"
"544","Batidor Pera LK","Pedernera / Pedernera / Pedernera","Tallerista","N12","2","GRJ10","Batidor Pera","1","Otros","Fleje 58","matriz","Fleje 58 → 〔Mat 137 (Cortar arandela Batidor mini)〕 → 〔LLF7B〕 → 〔GRJ10 ← Carlos ← Fleje31 + Fleje32 + LLF7B + LLF8〕 → GRJ10 ▣"
"544","Batidor Pera LK","Pedernera / Pedernera / Pedernera","Tallerista","N12","2","GRJ10","Batidor Pera","1","Otros","LLF8 (sin proveedor)","compra","LLF8 (sin proveedor) → 〔LLF8〕 → 〔GRJ10 ← Carlos ← Fleje31 + Fleje32 + LLF7B + LLF8〕 → GRJ10 ▣"
"546","Corta Queso","Lucho / Log/ Fabr","Fabricación interna","N1","1","C13","Corta Queso bastidor","1","Otros","C13 (Importado)","compra","C13 (Importado) → C13 ▣"
"546","Corta Queso","Lucho / Log/ Fabr","Fabricación interna","N1","2","CCC4","Cartón 546","1","Cartones","Comprado Cartones","compra","📦 Comprado (Cartones) → C4 ▣"
"547","Corta Torta","Carlos","Tallerista","N10","1","PV10","Corta Torta","1","Otros","PV10 (Pat Bet Plast)","compra","PV10 (Pat Bet Plast) → PV10 ▣"
"547","Corta Torta","Carlos","Tallerista","N10","2","CCG7D","Cartón 547","1","Cartones","Comprado Cartones","compra","📦 Comprado (Cartones) → G7D ▣"
"550","Filtro para Bombillas","Poly / Poly / Poly","Tallerista","N22","1","CCG6B","Cartón 550","1","Cartones","Comprado Cartones","compra","📦 Comprado (Cartones) → G6B ▣"
"551","Cuch Untar Plast LK","Rafael","Prov Art Terminado","N22","1","PA4","Mang Cuch Unt Rojo","1","Otros","PA4 (Pat Bet Plast)","compra","PA4 (Pat Bet Plast) → PA4 ▣"
"551","Cuch Untar Plast LK","Rafael","Prov Art Terminado","N22","2","CCG8A","Cartón 551","1","Cartones","Comprado Cartones","compra","📦 Comprado (Cartones) → G8A ▣"
"551","Cuch Untar Plast LK","Rafael","Prov Art Terminado","N22","3","E8","Cuchillo Untar Inox p/Plast","1","Otros","Fleje 74","matriz","Fleje 74 → 〔Mat 347 (Corte Cuch Untar Mgo Plast)〕 → Mat 347 → 〔Mat 119 (Estampado Cuchillo Untar)〕 → E8 ▣"
"554","Cucharita Matera","Melinox","Prov Art Terminado","N2","1","","Cartón","1","Otros","Compra Otros","compra","Compra (Otros) → Cartón ▣"
"555","Cepillo Limpia Bombilla","Oscar","Tallerista","N2","1","V2E","Cartón 555","1","Otros","V2Cp (sin proveedor)","ps","V2Cp (sin proveedor) → 〔AJ Adhesivos (Adhesivado)〕 → V2E ▣"
"555","Cepillo Limpia Bombilla","Oscar","Tallerista","N2","2","BOMB12","Limpia Bombilla","1","Otros","BOMB12 (PENDIENTE (compra))","compra","BOMB12 (PENDIENTE (compra)) → BOMB12 ▣"
"557","bombilla resorte chata","Oscar / Blist-Pack","Tallerista","N2","1","GRJ6","Bombilla Resorte Chata 557","1","Otros","GRJ6 (Cimarrón)","compra","GRJ6 (Cimarrón) → GRJ6 ▣"
"557","bombilla resorte chata","Oscar / Blist-Pack","Tallerista","N2","2","V1A","Cartón 557","1","Otros","(loop: V1A)","loop","(loop: V1A) → 〔AJ Adhesivos (Adhesivado)〕 → V1A ▣"
"558","Bombilla Tradicional","Blist-Pack / Log/ Fabr / Oscar","Fabricación interna","N2","1","CCV2B","Cartón 558","1","Cartones","Comprado Cartones","compra","📦 Comprado (Cartones) → V2B ▣"
"558","Bombilla Tradicional","Blist-Pack / Log/ Fabr / Oscar","Fabricación interna","N2","2","GRJ5","Bombilla Resorte Trad 558","1","Otros","GRJ5 (Cimarrón)","compra","GRJ5 (Cimarrón) → GRJ5 ▣"
"559","C Raviol LK","Martin","Tallerista","N2","1","PC10","Mango LK Espatula","1","Otros","PC10 (Pat Bet Plast)","compra","PC10 (Pat Bet Plast) → PC10 ▣"
"559","C Raviol LK","Martin","Tallerista","N2","2","E12","Vastago C/ Pizza Cico/ Ravioles","1","Otros","Fleje 7","matriz","Fleje 7 → 〔Mat 354 (Corte Vast Corta Pizza Chico)〕 → LF15 → 〔Pedernera (Cromado)〕 → E12 ▣"
"559","C Raviol LK","Martin","Tallerista","N2","3","CCG2D","Cartón 559","1","Cartones","Comprado Cartones","compra","📦 Comprado (Cartones) → G2D ▣"
"559","C Raviol LK","Martin","Tallerista","N2","4","PA18","Capuchon Espatula LK","1","Otros","PA18 (Pat Bet Plast)","compra","PA18 (Pat Bet Plast) → PA18 ▣"
"559","C Raviol LK","Martin","Tallerista","N2","5","LLF1","""S"" C/ Pizza/Raviol","1","Otros","Fleje 76","matriz","Fleje 76 → 〔Mat 357 (Corte Eses)〕 → LLF1 ▣"
"559","C Raviol LK","Martin","Tallerista","N2","6","V12","Rem. C/ Pizza/Raviol","1","Remaches","📦 Comprado (Remaches) — Bella Vista","compra_remache","📦 Comprado (Remaches) — Bella Vista → 〔Guazzaroni (Niquelado)〕 → V12 ▣"
"559","C Raviol LK","Martin","Tallerista","N2","7","LLF2","Disco C/ Ravioles","1","Otros","Fleje 75","matriz","Fleje 75 → 〔Mat 350 (Corte Corta Ravioles)〕 → Mat 350 → 〔Mat 359 (Estampado Corta Raviol)〕 → LLF2 ▣"
"560","Pinza Chica LK","Pedernera / Pedernera","Tallerista","N2","1","N7","Pinza Chica","1","Otros","Fleje 82","matriz","Fleje 82 → 〔Mat 131 (Estampado Punta Pinzas)〕 → Mat 131 → 〔Mat 130 (Doblado Agarre Pinzas)〕 → Mat 130 → 〔Mat 129 (Estampa Pinza chica)〕 → Mat 129 → 〔Mat 132 (Estampado y Agujero Pinzas)〕 → Mat 132 → 〔Mat 133 (Doblado Punta Pinza chica)〕 → Mat 133 → 〔Mat 134 (Remachado pinza chica/ Gde)〕 → N7 ▣"
"560","Pinza Chica LK","Pedernera / Pedernera","Tallerista","N2","1","N7","Pinza Chica","1","Otros","Fleje 82","matriz","Fleje 82 → 〔Mat 131 (Estampado Punta Pinzas)〕 → Mat 131 → 〔Mat 130 (Doblado Agarre Pinzas)〕 → Mat 130 → 〔Mat 180 (Estampado Punta Pinza Grande)〕 → Mat 180 → 〔Mat 132 (Estampado y Agujero Pinzas)〕 → Mat 132 → 〔Mat 133 (Doblado Punta Pinza chica)〕 → Mat 133 → 〔Mat 134 (Remachado pinza chica/ Gde)〕 → N7 ▣"
"560","Pinza Chica LK","Pedernera / Pedernera","Tallerista","N2","2","CCG3E","Cartón 560","1","Cartones","Comprado Cartones","compra","📦 Comprado (Cartones) → G3E ▣"
"561","Pinza Grande LK","Pedernera / Pedernera","Tallerista","N12","1","CCG4A","Cartón 561","1","Cartones","Comprado Cartones","compra","📦 Comprado (Cartones) → G4A ▣"
"561","Pinza Grande LK","Pedernera / Pedernera","Tallerista","N12","2","N8","Pinza Grande","1","Otros","Fleje 82","matriz","Fleje 82 → 〔Mat 131 (Estampado Punta Pinzas)〕 → Mat 131 → 〔Mat 130 (Doblado Agarre Pinzas)〕 → Mat 130 → 〔Mat 129 (Estampa Pinza chica)〕 → Mat 129 → 〔Mat 132 (Estampado y Agujero Pinzas)〕 → Mat 132 → 〔Mat 181 (Armado c/Puntera Pinza Grande)〕 → Mat 181 → 〔Mat 134 (Remachado pinza chica/ Gde)〕 → N8 ▣"
"561","Pinza Grande LK","Pedernera / Pedernera","Tallerista","N12","2","N8","Pinza Grande","1","Otros","Fleje 82","matriz","Fleje 82 → 〔Mat 131 (Estampado Punta Pinzas)〕 → Mat 131 → 〔Mat 130 (Doblado Agarre Pinzas)〕 → Mat 130 → 〔Mat 180 (Estampado Punta Pinza Grande)〕 → Mat 180 → 〔Mat 132 (Estampado y Agujero Pinzas)〕 → Mat 132 → 〔Mat 181 (Armado c/Puntera Pinza Grande)〕 → Mat 181 → 〔Mat 134 (Remachado pinza chica/ Gde)〕 → N8 ▣"
"561","Pinza Grande LK","Pedernera / Pedernera","Tallerista","N12","2","N8","Pinza Grande","1","Otros","Fleje 68","matriz","Fleje 68 → 〔Mat 367 (Corte Puntera Pinza Grande)〕 → N6 → 〔Mat 181 (Armado c/Puntera Pinza Grande)〕 → Mat 181 → 〔Mat 134 (Remachado pinza chica/ Gde)〕 → N8 ▣"
"562","C Pizza 6 LK","Martin","Tallerista","N2","1","LLF1","""S"" C/ Pizza/Raviol","1","Otros","Fleje 76","matriz","Fleje 76 → 〔Mat 357 (Corte Eses)〕 → LLF1 ▣"
"562","C Pizza 6 LK","Martin","Tallerista","N2","2","Z34","Disco Chico Afilados","1","Otros","Fleje 74","matriz","Fleje 74 → 〔Mat 358 (Corte Disco Corta Pizza Chico)〕 → LLF3 → 〔Mat 207 (Afilado disco Chico c/ pizza)〕 → Z34 ▣"
"562","C Pizza 6 LK","Martin","Tallerista","N2","3","CCF3A","Cartón 562","1","Cartones","Comprado Cartones","compra","📦 Comprado (Cartones) → F3A ▣"
"562","C Pizza 6 LK","Martin","Tallerista","N2","4","PC10","Mango LK Espatula","1","Otros","PC10 (Pat Bet Plast)","compra","PC10 (Pat Bet Plast) → PC10 ▣"
"562","C Pizza 6 LK","Martin","Tallerista","N2","5","PA18","Capuchon Espatula LK","1","Otros","PA18 (Pat Bet Plast)","compra","PA18 (Pat Bet Plast) → PA18 ▣"
"562","C Pizza 6 LK","Martin","Tallerista","N2","6","V12","Rem. C/ Pizza/Raviol","1","Remaches","📦 Comprado (Remaches) — Bella Vista","compra_remache","📦 Comprado (Remaches) — Bella Vista → 〔Guazzaroni (Niquelado)〕 → V12 ▣"
"562","C Pizza 6 LK","Martin","Tallerista","N2","7","E12","Vastago C/ Pizza Cico/ Ravioles","1","Otros","Fleje 7","matriz","Fleje 7 → 〔Mat 354 (Corte Vast Corta Pizza Chico)〕 → LF15 → 〔Pedernera (Cromado)〕 → E12 ▣"
"564","C Pizza 8 LK","Maspoli / Martin","Tallerista","N13","1","D13","Virola Sacafuente Niq","1","Otros","Fleje 27","matriz","Fleje 27 → 〔Mat 219 (Hacer Virola)〕 → D13B → 〔Guazzaroni (Niquelado)〕 → D13 ▣"
"564","C Pizza 8 LK","Maspoli / Martin","Tallerista","N13","2","PC12","Mgo Sacafuente Articulado 4.25mm","1","Otros","PC12 (Maspoli)","compra","PC12 (Maspoli) → PC12 ▣"
"564","C Pizza 8 LK","Maspoli / Martin","Tallerista","N13","3","CCF3B","Cartón 564","1","Cartones","Comprado Cartones","compra","📦 Comprado (Cartones) → F3B ▣"
"564","C Pizza 8 LK","Maspoli / Martin","Tallerista","N13","4","LLF1","""S"" C/ Pizza/Raviol","1","Otros","Fleje 76","matriz","Fleje 76 → 〔Mat 357 (Corte Eses)〕 → LLF1 ▣"
"564","C Pizza 8 LK","Maspoli / Martin","Tallerista","N13","5","E9","Vast corta Pizza Gast","1","Otros","Fleje 62","matriz","Fleje 62 → 〔Mat 346 (Corte Vastago Corta Pizza Grande)〕 → KF14 → 〔Pedernera (Cromado)〕 → E9 ▣"
"564","C Pizza 8 LK","Maspoli / Martin","Tallerista","N13","6","V12","Rem. C/ Pizza/Raviol","1","Remaches","📦 Comprado (Remaches) — Bella Vista","compra_remache","📦 Comprado (Remaches) — Bella Vista → 〔Guazzaroni (Niquelado)〕 → V12 ▣"
"564","C Pizza 8 LK","Maspoli / Martin","Tallerista","N13","7","Z35","Disco Gde Afilados","1","Otros","Fleje 41","matriz","Fleje 41 → 〔Mat 349 (Corte Disco Pisapapa)〕 → LLF4 → 〔Mat 206 (Afilado disco Gde c/ pizza)〕 → Z35 ▣"
"565","Pinza De Hielo","Manfer","Prov Art Terminado","N22","1","G4B","Cartón","1","Otros","G4B (sin proveedor)","compra","G4B (sin proveedor) → G4B ▣"
"566E","Aceitera 100 Ml","Garcia","Tallerista","","1","566E-MC","Mastercaja 566E","0.020833","Importados","566E-MC (sin proveedor)","compra","566E-MC (sin proveedor) → 566E-MC ▣"
"566E","Aceitera 100 Ml","Garcia","Tallerista","","2","566E-CC","Caja chica 566E","0.166667","Importados","566E-CC (sin proveedor)","compra","566E-CC (sin proveedor) → 566E-CC ▣"
"569","Pelanaranjas X 1 Display","Lucho","Tallerista","N29","1","CCG5D","Cartón 569","1","Cartones","Comprado Cartones","compra","📦 Comprado (Cartones) → G5D ▣"
"569","Pelanaranjas X 1 Display","Lucho","Tallerista","N29","2","PV12","Pela naranjas","1","Otros","PV12 (Pat Bet Plast)","compra","PV12 (Pat Bet Plast) → PV12 ▣"
"570","Pala de Canelones","Log/ Fabr","Fabricación interna","N7","1","E6","Pala Canelon","1","Otros","Fleje 42","matriz","Fleje 42 → 〔Mat 355 (Corte Pala Canelon)〕 → Mat 355 → 〔Mat 165 (Calado Pala Canelon)〕 → Mat 165 → 〔Mat 166 (Sacar Rebarba Pala Canelon)〕 → E6 ▣"
"570","Pala de Canelones","Log/ Fabr","Fabricación interna","N7","2","CCG2E","Cartón 570","1","Cartones","Comprado Cartones","compra","📦 Comprado (Cartones) → G2E ▣"
"570","Pala de Canelones","Log/ Fabr","Fabricación interna","N7","3","V10","Rem. Alum Canel","2","Remaches","📦 Comprado (Remaches) — Bella Vista","compra_remache","📦 Comprado (Remaches) — Bella Vista → 〔Guazzaroni (Niquelado)〕 → V10 ▣"
"570","Pala de Canelones","Log/ Fabr","Fabricación interna","N7","4","F2","Vastago corto","1","Otros","Pedernera (Cromado)","ps","Pedernera (Cromado) → F2 ▣"
"570","Pala de Canelones","Log/ Fabr","Fabricación interna","N7","4","F2","Vastago corto","1","Otros","Fleje 28","matriz","Fleje 28 → 〔Mat 375 (Corte Vastago Pala Canelon)〕 → Mat 375 → 〔Mat 169 (Doblado de vastago pala canelon)〕 → LF8 → 〔Pedernera (Cromado)〕 → F2 ▣"
"574","Corta queso Alambre","Lucho","Tallerista","N1","1","","Cartón 574","1","Cartones","Compra Cartones","compra","Compra (Cartones) → Cartón 574 ▣"
"574","Corta queso Alambre","Lucho","Tallerista","N1","2","A9","Cpo corta queso completo","1","Otros","A9 (sin proveedor)","compra","A9 (sin proveedor) → A9 ▣"
"574","Corta queso Alambre","Lucho","Tallerista","N1","3","Z19A","Alambre Corta Queso","1","Otros","A9 (sin proveedor)","ps","A9 (sin proveedor) → 〔Pedernera (Cromado)〕 → Z19A ▣"
"574","Corta queso Alambre","Lucho","Tallerista","N1","4","PB1","Cilindro Corta Queso","1","Otros","PB1 (Pat Bet Plast)","compra","PB1 (Pat Bet Plast) → PB1 ▣"
"575","Tapon De Vino/Cerv X1 Negro","Rafael","Prov Art Terminado","N22","1","F4A","Cartón 575","1","Otros","F4A (sin proveedor)","compra","F4A (sin proveedor) → F4A ▣"
"577","Tapon De Vino/Cerveza Premium","Rafael","Prov Art Terminado","N22","1","ST","Cucaracha","1","Otros","Fleje 10","matriz","Fleje 10 → 〔Mat 71 (Corte Arandela Grande)〕 → KF11 → 〔FAAT (Cementado)〕 → ST ▣"
"577","Tapon De Vino/Cerveza Premium","Rafael","Prov Art Terminado","N22","1","ST","Cucaracha","1","Otros","(loop: ST)","loop","(loop: ST) → 〔Ximpa (Serigrafiado)〕 → ST → 〔Ximpa (Serigrafiado)〕 → ST ▣"
"577","Tapon De Vino/Cerveza Premium","Rafael","Prov Art Terminado","N22","1","ST","Cucaracha","1","Otros","Fleje 19","matriz","Fleje 19 → 〔Mat 1 (Corte Cuchilla Pelador)〕 → 〔X1〕 → 〔X5 ← Martin ← X1〕 → X5 → 〔New Metal / FAAT (Templado)〕 → ST ▣"
"577","Tapon De Vino/Cerveza Premium","Rafael","Prov Art Terminado","N22","1","ST","Cucaracha","1","Otros","Fleje 26","matriz","Fleje 26 → 〔Mat 68 (Corte Resorte)〕 → Mat 68 → 〔Mat 69 (Doblado Resorte)〕 → IF2 → 〔Guazzaroni (Pulido)〕 → ST ▣"
"577","Tapon De Vino/Cerveza Premium","Rafael","Prov Art Terminado","N22","1","ST","Cucaracha","1","Otros","Fleje 3","matriz","Fleje 3 → 〔Mat 20 (Corte Engranaje)〕 → W2 → 〔FAAT (Templado)〕 → ST ▣"
"577","Tapon De Vino/Cerveza Premium","Rafael","Prov Art Terminado","N22","1","ST","Cucaracha","1","Otros","Fleje 26","matriz","Fleje 26 → 〔Mat 68 (Corte Resorte)〕 → Mat 68 → 〔Mat 69 (Doblado Resorte)〕 → IF2 → 〔FAAT (Templado y Revenido)〕 → ST ▣"
"577","Tapon De Vino/Cerveza Premium","Rafael","Prov Art Terminado","N22","1","ST","Cucaracha","1","Otros","Fleje 4","matriz","Fleje 4 → 〔Mat 21 (Corte Arandela buje 501)〕 → W1 → 〔FAAT (Templado )〕 → ST ▣"
"577","Tapon De Vino/Cerveza Premium","Rafael","Prov Art Terminado","N22","1","ST","Cucaracha","1","Otros","Fleje 57","matriz","Fleje 57 → 〔Mat 29 (Corte Uña)〕 → LF13 → 〔FAAT (Cementado)〕 → ST ▣"
"577","Tapon De Vino/Cerveza Premium","Rafael","Prov Art Terminado","N22","1","ST","Cucaracha","1","Otros","Fleje 46","matriz","Fleje 46 → 〔Mat 47 (Corte Resorte Ø 2.75 mm)〕 → IF3 → 〔FAAT (Templado y Revenido)〕 → ST ▣"
"577","Tapon De Vino/Cerveza Premium","Rafael","Prov Art Terminado","N22","1","ST","Cucaracha","1","Otros","Fleje 8","matriz","Fleje 8 → 〔Mat 14 (Corte Engranaje chico)〕 → W7 → 〔FAAT (Templado)〕 → ST ▣"
"577","Tapon De Vino/Cerveza Premium","Rafael","Prov Art Terminado","N22","1","ST","Cucaracha","1","Otros","Fleje 2","matriz","Fleje 2 → 〔Mat 7 (Corte Cuchilla Abrelatas)〕 → IF12 → 〔Mat 8 (Despunte Cuchilla)〕 → Mat 8 → 〔Mat 9 (Doblado Cuchilla)〕 → IF14 → 〔FAAT (Cementado)〕 → ST ▣"
"577","Tapon De Vino/Cerveza Premium","Rafael","Prov Art Terminado","N22","2","F5C","Cartón 577","1","Otros","F5C (sin proveedor)","compra","F5C (sin proveedor) → F5C ▣"
"579","Tapon De Vino/Cerv X 1 Color","Rafael","Prov Art Terminado","N22","1","F4B","Cartón 579","1","Otros","F4B (sin proveedor)","compra","F4B (sin proveedor) → F4B ▣"
"580","Mini Batidor","Carlos","Tallerista","N29","1","CCG8C","Cartón 580","1","Cartones","Comprado Cartones","compra","📦 Comprado (Cartones) → G8C ▣"
"580","Mini Batidor","Carlos","Tallerista","N29","2","EP10","Resorte Batidor Mini","1","Otros","EP10 (sin proveedor)","compra","EP10 (sin proveedor) → EP10 ▣"
"580","Mini Batidor","Carlos","Tallerista","N29","3","FVCBM","VarillaCorta Bat Mini","2","Otros","FVCBM (sin proveedor)","compra","FVCBM (sin proveedor) → FVCBM ▣"
"580","Mini Batidor","Carlos","Tallerista","N29","4","FVLBM","VarillaLarga Bat Mini","1","Otros","FVLBM (sin proveedor)","compra","FVLBM (sin proveedor) → FVLBM ▣"
"580","Mini Batidor","Carlos","Tallerista","N29","5","ABPM","Arandela Bat Mini","1","Otros","ABPM (sin proveedor)","compra","ABPM (sin proveedor) → ABPM ▣"
"581","Sac Plast LK","Martin","Tallerista","N22","1","D1","Espiral 520 Chino","","Otros","D1 (sin proveedor)","compra","D1 (sin proveedor) → D1 ▣"
"581","Sac Plast LK","Martin","Tallerista","N22","2","CCE2B","Cartón 581","1","Cartones","Comprado Cartones","compra","📦 Comprado (Cartones) → E2B ▣"
"581","Sac Plast LK","Martin","Tallerista","N22","3","V11","Remache Sacacorcho Plast","1","Remaches","📦 Comprado (Remaches) — Bella Vista","compra_remache","📦 Comprado (Remaches) — Bella Vista → 〔Guazzaroni (Niquelado)〕 → V11 ▣"
"581","Sac Plast LK","Martin","Tallerista","N22","4","PB8A","Mgo Sacac Plast","1","Otros","PB8A (Pat Bet Plast)","compra","PB8A (Pat Bet Plast) → PB8A ▣"
"584E","Aceitera 400 Ml","Garcia","Tallerista","","1","584E-CC","Caja chica 584E","0.166667","Importados","584E-CC (sin proveedor)","compra","584E-CC (sin proveedor) → 584E-CC ▣"
"584E","Aceitera 400 Ml","Garcia","Tallerista","","2","584E-MC","Mastercaja 584E","0.020833","Importados","584E-MC (sin proveedor)","compra","584E-MC (sin proveedor) → 584E-MC ▣"
"586","Pelap Mgo Ergonomico","Lucho","Tallerista","N22","1","Z23A","Cuch China","1","Otros","Z23A (sin proveedor)","compra","Z23A (sin proveedor) → Z23A ▣"
"586","Pelap Mgo Ergonomico","Lucho","Tallerista","N22","2","PEP3","Mango Pelador LK 586 c/Serig","1","Otros","PEP3 (Pat Bet Plast)","compra","PEP3 (Pat Bet Plast) → PEP3 ▣"
"586","Pelap Mgo Ergonomico","Lucho","Tallerista","N22","3","D9","Clavos Niq.","1","Otros","PCP3 (Martin Facciolo)","ps","PCP3 (Martin Facciolo) → 〔Guazzaroni (Niquelado)〕 → D9 ▣"
"586","Pelap Mgo Ergonomico","Lucho","Tallerista","N22","4","CCB3","Cartón 586","1","Cartones","Comprado Cartones","compra","📦 Comprado (Cartones) → B3 ▣"
"587","Pelap Cuch Cort Laser","Lucho","Tallerista","N2","1","E2","Vastago Pelapapa Laser","1","Otros","Fleje 28","matriz","Fleje 28 → 〔Mat 345 (Corte Vastago Pelapapa Laser)〕 → LLF7A → 〔Pedernera (Cromado)〕 → E2 ▣"
"587","Pelap Cuch Cort Laser","Lucho","Tallerista","N2","2","PA18","Capuchon Espatula LK","1","Otros","PA18 (Pat Bet Plast)","compra","PA18 (Pat Bet Plast) → PA18 ▣"
"587","Pelap Cuch Cort Laser","Lucho","Tallerista","N2","3","PC10","Mango LK Espatula","1","Otros","PC10 (Pat Bet Plast)","compra","PC10 (Pat Bet Plast) → PC10 ▣"
"587","Pelap Cuch Cort Laser","Lucho","Tallerista","N2","4","CCB4","Cartón 587","1","Cartones","Comprado Cartones","compra","📦 Comprado (Cartones) → B4 ▣"
"587","Pelap Cuch Cort Laser","Lucho","Tallerista","N2","5","Z23B","Cuchilla Laser","1","Otros","Z23B (Importado)","compra","Z23B (Importado) → Z23B ▣"
"590E","Pincel Silicona 11 Gms","Garcia","Tallerista","","1","590E-MC","Mastercaja 590E","0.001667","Importados","590E-MC (sin proveedor)","compra","590E-MC (sin proveedor) → 590E-MC ▣"
"590E","Pincel Silicona 11 Gms","Garcia","Tallerista","","2","590E-CC","Caja chica 590E","0.083333","Importados","590E-CC (sin proveedor)","compra","590E-CC (sin proveedor) → 590E-CC ▣"
"594","Pinza De Fideos Mgo Plastico 25cm","Rafael","Prov Art Terminado","N12","1","C9","Resorte U Crom","1","Otros","Fleje 26","matriz","Fleje 26 → 〔Mat 68 (Corte Resorte)〕 → Mat 68 → 〔Mat 69 (Doblado Resorte)〕 → IF2 → 〔Guazzaroni (Pulido)〕 → ST → 〔Guazzaroni (Pulido)〕 → C9 ▣"
"594","Pinza De Fideos Mgo Plastico 25cm","Rafael","Prov Art Terminado","N12","1","C9","Resorte U Crom","1","Otros","Fleje 26","matriz","Fleje 26 → 〔Mat 68 (Corte Resorte)〕 → Mat 68 → 〔Mat 69 (Doblado Resorte)〕 → IF2 → 〔FAAT (Templado y Revenido)〕 → ST → 〔Guazzaroni (Pulido)〕 → C9 ▣"
"594","Pinza De Fideos Mgo Plastico 25cm","Rafael","Prov Art Terminado","N12","1","C9","Resorte U Crom","1","Otros","ST (sin origen)","ps_st","ST (sin origen) → 〔Pedernera (Cromado)〕 → C9 ▣"
"594","Pinza De Fideos Mgo Plastico 25cm","Rafael","Prov Art Terminado","N12","2","F14","Pinza Fideo Der","1","Otros","Fleje 39","matriz","Fleje 39 → 〔Mat 60 (Corte Pinza Fideos)〕 → Mat 60 → 〔Mat 61 (Estampado Der Pinza Fideos)〕 → F14 ▣"
"594","Pinza De Fideos Mgo Plastico 25cm","Rafael","Prov Art Terminado","N12","3","CCG4C","Cartón 594","1","Cartones","Comprado Cartones","compra","📦 Comprado (Cartones) → G4C ▣"
"594","Pinza De Fideos Mgo Plastico 25cm","Rafael","Prov Art Terminado","N12","4","F13","Pinza Fideo Izq","1","Otros","Fleje 39","matriz","Fleje 39 → 〔Mat 60 (Corte Pinza Fideos)〕 → Mat 60 → 〔Mat 75 (Estampado Izq Pinza Fideos)〕 → F13 ▣"
"595","Pinza De Fiambre Mgo Plastico 23cm","Rafael","Prov Art Terminado","N12","1","F10","Pinza Fiambre Derecha","1","Otros","Fleje 40","matriz","Fleje 40 → 〔Mat 62 (Corte Pinza Fiambre Derecha)〕 → Mat 62 → 〔Mat 65 (Estampado Pinza Fiambre Izquierda)〕 → F10 ▣"
"595","Pinza De Fiambre Mgo Plastico 23cm","Rafael","Prov Art Terminado","N12","2","C9","Resorte U Crom","1","Otros","Fleje 26","matriz","Fleje 26 → 〔Mat 68 (Corte Resorte)〕 → Mat 68 → 〔Mat 69 (Doblado Resorte)〕 → IF2 → 〔Guazzaroni (Pulido)〕 → ST → 〔Guazzaroni (Pulido)〕 → C9 ▣"
"595","Pinza De Fiambre Mgo Plastico 23cm","Rafael","Prov Art Terminado","N12","2","C9","Resorte U Crom","1","Otros","Fleje 26","matriz","Fleje 26 → 〔Mat 68 (Corte Resorte)〕 → Mat 68 → 〔Mat 69 (Doblado Resorte)〕 → IF2 → 〔FAAT (Templado y Revenido)〕 → ST → 〔Guazzaroni (Pulido)〕 → C9 ▣"
"595","Pinza De Fiambre Mgo Plastico 23cm","Rafael","Prov Art Terminado","N12","2","C9","Resorte U Crom","1","Otros","ST (sin origen)","ps_st","ST (sin origen) → 〔Pedernera (Cromado)〕 → C9 ▣"
"595","Pinza De Fiambre Mgo Plastico 23cm","Rafael","Prov Art Terminado","N12","3","CCG4D","Cartón 595","1","Cartones","Comprado Cartones","compra","📦 Comprado (Cartones) → G4D ▣"
"595","Pinza De Fiambre Mgo Plastico 23cm","Rafael","Prov Art Terminado","N12","4","F9","Pinza Fiambre Izquierda","1","Otros","Fleje 40","matriz","Fleje 40 → 〔Mat 62 (Corte Pinza Fiambre Derecha)〕 → Mat 62 → 〔Mat 63 (Estampado Pinza Fiambre Derecha)〕 → F9 ▣"
"596","Pinza De Ensalada Mgo Plastico 23cm","Rafael","Prov Art Terminado","N12","1","C9","Resorte U Crom","1","Otros","Fleje 26","matriz","Fleje 26 → 〔Mat 68 (Corte Resorte)〕 → Mat 68 → 〔Mat 69 (Doblado Resorte)〕 → IF2 → 〔Guazzaroni (Pulido)〕 → ST → 〔Guazzaroni (Pulido)〕 → C9 ▣"
"596","Pinza De Ensalada Mgo Plastico 23cm","Rafael","Prov Art Terminado","N12","1","C9","Resorte U Crom","1","Otros","Fleje 26","matriz","Fleje 26 → 〔Mat 68 (Corte Resorte)〕 → Mat 68 → 〔Mat 69 (Doblado Resorte)〕 → IF2 → 〔FAAT (Templado y Revenido)〕 → ST → 〔Guazzaroni (Pulido)〕 → C9 ▣"
"596","Pinza De Ensalada Mgo Plastico 23cm","Rafael","Prov Art Terminado","N12","1","C9","Resorte U Crom","1","Otros","ST (sin origen)","ps_st","ST (sin origen) → 〔Pedernera (Cromado)〕 → C9 ▣"
"596","Pinza De Ensalada Mgo Plastico 23cm","Rafael","Prov Art Terminado","N12","2","CCG4E","Cartón 596","1","Cartones","Comprado Cartones","compra","📦 Comprado (Cartones) → G4E ▣"
"596","Pinza De Ensalada Mgo Plastico 23cm","Rafael","Prov Art Terminado","N12","3","F11","Puntero Ensalada","2","Otros","Fleje 45","matriz","Fleje 45 → 〔Mat 66 (Corte Pinza Ensalada)〕 → Mat 66 → 〔Mat 67 (Estampado Pinza Ensalada)〕 → F11 ▣"
"609","P Papas Inox CH","German","Tallerista","N13","1","PB8B","Inser. Neg. Batidor Calado","1","Otros","PB8B (Pat Bet Plast)","compra","PB8B (Pat Bet Plast) → PB8B ▣"
"609","P Papas Inox CH","German","Tallerista","N13","2","CCQ5","Cartón 609","1","Cartones","Comprado Cartones","compra","📦 Comprado (Cartones) → Q5 ▣"
"609","P Papas Inox CH","German","Tallerista","N13","3","M1","Disco Inox C/
 Vastago Alu","1","Otros","Fleje 41","matriz","Fleje 41 → 〔Mat 349 (Corte Disco Pisapapa)〕 → M3 → 〔Mat 123 (Perfora disco pisa papas)〕 → M2 → 〔Mat 113 (Remachado pisa papas Inox)〕 → M1 ▣"
"609","P Papas Inox CH","German","Tallerista","N13","3","M1","Disco Inox C/
 Vastago Alu","1","Otros","📦 Comprado (Remaches) — Bella Vista","compra_remache","📦 Comprado (Remaches) — Bella Vista → 〔Guazzaroni (Niquelado)〕 → V18C → 〔Mat 113 (Remachado pisa papas Inox)〕 → M1 ▣"
"609","P Papas Inox CH","German","Tallerista","N13","4","PA19","Mangos Chef","1","Otros","PA19 (Pat Bet Plast)","compra","PA19 (Pat Bet Plast) → PA19 ▣"
"615","Batidor Resorte CH","Carlos","Tallerista","N2","1","BOM10","Resorte Biconico","1","Otros","BOM10 (sin proveedor)","compra","BOM10 (sin proveedor) → BOM10 ▣"
"615","Batidor Resorte CH","Carlos","Tallerista","N2","2","FE1","Varilla 
 Batidor","1","Otros","FE1 (sin proveedor)","compra","FE1 (sin proveedor) → FE1 ▣"
"615","Batidor Resorte CH","Carlos","Tallerista","N2","3","CCQ5","Cartón 615","1","Cartones","Comprado Cartones","compra","📦 Comprado (Cartones) → Q5 ▣"
"615","Batidor Resorte CH","Carlos","Tallerista","N2","4","PB6","Inser. Neg. Espat","1","Otros","PB6 (Pat Bet Plast)","compra","PB6 (Pat Bet Plast) → PB6 ▣"
"615","Batidor Resorte CH","Carlos","Tallerista","N2","5","PA19","Mangos Chef","1","Otros","PA19 (Pat Bet Plast)","compra","PA19 (Pat Bet Plast) → PA19 ▣"
"615","Batidor Resorte CH","Carlos","Tallerista","N2","6","W1B","Grampa
 Batidor","1","Otros","W1B (sin proveedor)","compra","W1B (sin proveedor) → W1B ▣"
"618","Espatula Repostera Goma 24Cm","Paternal Goma","Prov Art Terminado","","1","","Cartón","1","Otros","Compra Otros","compra","Compra (Otros) → Cartón ▣"
"619","Espatula Repostera Goma Gastronomica","Paternal Goma","Prov Art Terminado","","1","","Cartón","1","Otros","Compra Otros","compra","Compra (Otros) → Cartón ▣"
"630","Cucharon Ac.Inox. CH","Carlos","Tallerista","N12","1","PA19","Mangos Chef","1","Otros","PA19 (Pat Bet Plast)","compra","PA19 (Pat Bet Plast) → PA19 ▣"
"630","Cucharon Ac.Inox. CH","Carlos","Tallerista","N12","2","PB6","Inser. Neg. Espat","1","Otros","PB6 (Pat Bet Plast)","compra","PB6 (Pat Bet Plast) → PB6 ▣"
"630","Cucharon Ac.Inox. CH","Carlos","Tallerista","N12","3","PV8","Espatula Cal. 1 Pz Ny","1","Otros","PV8 (Pat Bet Plast)","compra","PV8 (Pat Bet Plast) → PV8 ▣"
"630","Cucharon Ac.Inox. CH","Carlos","Tallerista","N12","4","CCQ5","Cartón 630","1","Cartones","Comprado Cartones","compra","📦 Comprado (Cartones) → Q5 ▣"
"631","Espumadera Ac.Inox. CH","Carlos","Tallerista","N12","1","PA19","Mangos Chef","1","Otros","PA19 (Pat Bet Plast)","compra","PA19 (Pat Bet Plast) → PA19 ▣"
"631","Espumadera Ac.Inox. CH","Carlos","Tallerista","N12","2","PB6","Inser. Neg. Espat","1","Otros","PB6 (Pat Bet Plast)","compra","PB6 (Pat Bet Plast) → PB6 ▣"
"631","Espumadera Ac.Inox. CH","Carlos","Tallerista","N12","3","CCQ5","Cartón 631","1","Cartones","Comprado Cartones","compra","📦 Comprado (Cartones) → Q5 ▣"
"631","Espumadera Ac.Inox. CH","Carlos","Tallerista","N12","4","PB3","Cuchara Ny Loeke (Serif.)","1","Otros","PB3 (Pat Bet Plast)","compra","PB3 (Pat Bet Plast) → PB3 ▣"
"631","Espumadera Ac.Inox. CH","Carlos","Tallerista","N12","5","PV8","Espatula Cal. 1 Pz Ny","1","Otros","PV8 (Pat Bet Plast)","compra","PV8 (Pat Bet Plast) → PV8 ▣"
"632","Tenedor Ac Inox CH","Carlos","Tallerista","N12","1","PV8","Espatula Cal. 1 Pz Ny","1","Otros","PV8 (Pat Bet Plast)","compra","PV8 (Pat Bet Plast) → PV8 ▣"
"632","Tenedor Ac Inox CH","Carlos","Tallerista","N12","2","PB4","Cuchara Ny (S/marca)","1","Otros","PB4 (Telleria)","compra","PB4 (Telleria) → PB4 ▣"
"632","Tenedor Ac Inox CH","Carlos","Tallerista","N12","3","CCQ5","Cartón 632","1","Cartones","Comprado Cartones","compra","📦 Comprado (Cartones) → Q5 ▣"
"632","Tenedor Ac Inox CH","Carlos","Tallerista","N12","4","PA19","Mangos Chef","1","Otros","PA19 (Pat Bet Plast)","compra","PA19 (Pat Bet Plast) → PA19 ▣"
"632","Tenedor Ac Inox CH","Carlos","Tallerista","N12","5","PB6","Inser. Neg. Espat","1","Otros","PB6 (Pat Bet Plast)","compra","PB6 (Pat Bet Plast) → PB6 ▣"
"632","Tenedor Ac Inox CH","Carlos","Tallerista","N12","6","PB3","Cuchara Ny Loeke (Serif.)","1","Otros","PB3 (Pat Bet Plast)","compra","PB3 (Pat Bet Plast) → PB3 ▣"
"633","Cuchara Ac.Inox. CH","Carlos","Tallerista","N12","1","CCQ5","Cartón 633","1","Cartones","Comprado Cartones","compra","📦 Comprado (Cartones) → Q5 ▣"
"633","Cuchara Ac.Inox. CH","Carlos","Tallerista","N12","2","PB6","Inser. Neg. Espat","1","Otros","PB6 (Pat Bet Plast)","compra","PB6 (Pat Bet Plast) → PB6 ▣"
"633","Cuchara Ac.Inox. CH","Carlos","Tallerista","N12","3","PA19","Mangos Chef","1","Otros","PA19 (Pat Bet Plast)","compra","PA19 (Pat Bet Plast) → PA19 ▣"
"633","Cuchara Ac.Inox. CH","Carlos","Tallerista","N12","4","PB3","Cuchara Ny Loeke (Serif.)","1","Otros","PB3 (Pat Bet Plast)","compra","PB3 (Pat Bet Plast) → PB3 ▣"
"633","Cuchara Ac.Inox. CH","Carlos","Tallerista","N12","5","PV8","Espatula Cal. 1 Pz Ny","1","Otros","PV8 (Pat Bet Plast)","compra","PV8 (Pat Bet Plast) → PV8 ▣"
"633","Cuchara Ac.Inox. CH","Carlos","Tallerista","N12","6","PB4","Cuchara Ny (S/marca)","1","Otros","PB4 (Telleria)","compra","PB4 (Telleria) → PB4 ▣"
"634","Cuchara Calada Ac.Inox. CH","Carlos","Tallerista","N12","1","PB3","Cuchara Ny Loeke (Serif.)","1","Otros","PB3 (Pat Bet Plast)","compra","PB3 (Pat Bet Plast) → PB3 ▣"
"634","Cuchara Calada Ac.Inox. CH","Carlos","Tallerista","N12","2","PB4","Cuchara Ny (S/marca)","1","Otros","PB4 (Telleria)","compra","PB4 (Telleria) → PB4 ▣"
"634","Cuchara Calada Ac.Inox. CH","Carlos","Tallerista","N12","3","PV8","Espatula Cal. 1 Pz Ny","1","Otros","PV8 (Pat Bet Plast)","compra","PV8 (Pat Bet Plast) → PV8 ▣"
"634","Cuchara Calada Ac.Inox. CH","Carlos","Tallerista","N12","4","PB6","Inser. Neg. Espat","1","Otros","PB6 (Pat Bet Plast)","compra","PB6 (Pat Bet Plast) → PB6 ▣"
"634","Cuchara Calada Ac.Inox. CH","Carlos","Tallerista","N12","5","PA19","Mangos Chef","1","Otros","PA19 (Pat Bet Plast)","compra","PA19 (Pat Bet Plast) → PA19 ▣"
"634","Cuchara Calada Ac.Inox. CH","Carlos","Tallerista","N12","6","CCQ5","Cartón 634","1","Cartones","Comprado Cartones","compra","📦 Comprado (Cartones) → Q5 ▣"
"634","Cuchara Calada Ac.Inox. CH","Carlos","Tallerista","N12","7","X11","Cuch Cal. Inox C/Vast.","1","Otros","X11 (sin proveedor)","compra","X11 (sin proveedor) → X11 ▣"
"635","Cuchara Lisa CH","Carlos","Tallerista","N12","1","PB4","Cuchara Ny (S/marca)","1","Otros","PB4 (Telleria)","compra","PB4 (Telleria) → PB4 ▣"
"635","Cuchara Lisa CH","Carlos","Tallerista","N12","2","PB3","Cuchara Ny Loeke (Serif.)","1","Otros","PB3 (Pat Bet Plast)","compra","PB3 (Pat Bet Plast) → PB3 ▣"
"635","Cuchara Lisa CH","Carlos","Tallerista","N12","3","CCQ5","Cartón 635","1","Cartones","Comprado Cartones","compra","📦 Comprado (Cartones) → Q5 ▣"
"635","Cuchara Lisa CH","Carlos","Tallerista","N12","4","PV8","Espatula Cal. 1 Pz Ny","1","Otros","PV8 (Pat Bet Plast)","compra","PV8 (Pat Bet Plast) → PV8 ▣"
"636","Espatula calada Ac. Inox CH","Carlos","Tallerista","N12","1","PA19","Mangos Chef","1","Otros","PA19 (Pat Bet Plast)","compra","PA19 (Pat Bet Plast) → PA19 ▣"
"636","Espatula calada Ac. Inox CH","Carlos","Tallerista","N12","2","CCQ5","Cartón 636","1","Cartones","Comprado Cartones","compra","📦 Comprado (Cartones) → Q5 ▣"
"636","Espatula calada Ac. Inox CH","Carlos","Tallerista","N12","3","X9","Espatula Calada Ac Inox c/Vast","1","Otros","X9 (sin proveedor)","compra","X9 (sin proveedor) → X9 ▣"
"636","Espatula calada Ac. Inox CH","Carlos","Tallerista","N12","4","PB3","Cuchara Ny Loeke (Serif.)","1","Otros","PB3 (Pat Bet Plast)","compra","PB3 (Pat Bet Plast) → PB3 ▣"
"636","Espatula calada Ac. Inox CH","Carlos","Tallerista","N12","5","PB6","Inser. Neg. Espat","1","Otros","PB6 (Pat Bet Plast)","compra","PB6 (Pat Bet Plast) → PB6 ▣"
"636","Espatula calada Ac. Inox CH","Carlos","Tallerista","N12","6","PB4","Cuchara Ny (S/marca)","1","Otros","PB4 (Telleria)","compra","PB4 (Telleria) → PB4 ▣"
"654","Bombilla Autolimpiante Inox","Oscar","Tallerista","N2","1","GRJ4","Bomb AutoLimp Inox","1","Otros","GRJ4 (Cimarrón)","compra","GRJ4 (Cimarrón) → GRJ4 ▣"
"654","Bombilla Autolimpiante Inox","Oscar","Tallerista","N2","2","CCV1B","Cartón 654","1","Cartones","Comprado Cartones","compra","📦 Comprado (Cartones) → V1B ▣"
"658","bombilla basica larga rec","Log/ Fabr","Fabricación interna","N2","1","","Cartón 658","1","Otros","Compra Otros","compra","Compra (Otros) → Cartón 658 ▣"
"658","bombilla basica larga rec","Log/ Fabr","Fabricación interna","N2","2","GRJ15","Bombilla Plana Ancha","1","Otros","GRJ15 (Cimarrón)","compra","GRJ15 (Cimarrón) → GRJ15 ▣"
"659","bombilla basica larga cur","Oscar","Tallerista","N2","1","","Cartón 659","1","Otros","Compra Otros","compra","Compra (Otros) → Cartón 659 ▣"
"659","bombilla basica larga cur","Oscar","Tallerista","N2","2","GRJ4","Bombilla Pico de Loro 659","1","Otros","GRJ4 (Cimarrón)","compra","GRJ4 (Cimarrón) → GRJ4 ▣"
"700","destapaca corona pint x","Garcia","Tallerista","N29","1","B8","Destapacorona Pint.","1","Otros","Fleje 21","matriz","Fleje 21 → 〔Mat 79 (Corte Destapacorona)〕 → JF8 → 〔Mat 80 (Estampa Destapacorona)〕 → Mat 80 → 〔Mat 81 (Doblado Destapacorona)〕 → G2 → 〔Rec Color / Daniel / Jade (Pintado)〕 → B8 ▣"
"700","destapaca corona pint x","Garcia","Tallerista","N29","1","B8","Destapacorona Pint.","1","Otros","Fleje 21","matriz","Fleje 21 → 〔Mat 79 (Corte Destapacorona)〕 → G1 → 〔Mat 80 (Estampa Destapacorona)〕 → Mat 80 → 〔Mat 81 (Doblado Destapacorona)〕 → G2 → 〔Rec Color / Daniel / Jade (Pintado)〕 → B8 ▣"
"701","Abrelata a Manija","Rafael","Prov Art Terminado","N22","1","V7","Rem. Abrelatas Niq","1","Remaches","📦 Comprado (Remaches) — Bella Vista","compra_remache","📦 Comprado (Remaches) — Bella Vista → 〔Guazzaroni (Niquelado)〕 → V7 ▣"
"701","Abrelata a Manija","Rafael","Prov Art Terminado","N22","2","W4","Arandela Base Inox","1","Otros","Fleje 36","matriz","Fleje 36 → 〔Mat 344 (Corte Arandela Base)〕 → W4 ▣"
"701","Abrelata a Manija","Rafael","Prov Art Terminado","N22","3","PC13","Manguito Abrelat. Blanc","1","Otros","PC13 (Pat Bet Plast)","compra","PC13 (Pat Bet Plast) → PC13 ▣"
"701","Abrelata a Manija","Rafael","Prov Art Terminado","N22","4","CCN7A","Cartón 701","1","Cartones","Comprado Cartones","compra","📦 Comprado (Cartones) → N7A ▣"
"701","Abrelata a Manija","Rafael","Prov Art Terminado","N22","5","W2P","Engranaje Grande","1","Otros","ST (sin origen)","ps_st","ST (sin origen) → 〔Pedernera (Cromado)〕 → W2P ▣"
"701","Abrelata a Manija","Rafael","Prov Art Terminado","N22","6","A7","Mgo Plano 701 Crom","1","Otros","Fleje 1","matriz","Fleje 1 → 〔Mat 356 (Corte Mango Plano Manija)〕 → IF10 → 〔Mat 12C (Doblado Mango Plano Chef)〕 → IF11 → 〔Pedernera (Cromado)〕 → A7 ▣"
"701","Abrelata a Manija","Rafael","Prov Art Terminado","N22","7","PA7A","Pirolo Blanco","1","Otros","PA7A (Pat Bet Plast)","compra","PA7A (Pat Bet Plast) → PA7A ▣"
"701","Abrelata a Manija","Rafael","Prov Art Terminado","N22","8","B13","Varilla C/ Cuchilla Crom.","1","Otros","Fleje 30","matriz","Fleje 30 → 〔Mat 6 (Corte y Estampa Varilla)〕 → HF7 → 〔Mat 10 (Armado Varilla C/Cuchilla)〕 → HF11 → 〔Pedernera (Cromado)〕 → B13 ▣"
"701","Abrelata a Manija","Rafael","Prov Art Terminado","N22","8","B13","Varilla C/ Cuchilla Crom.","1","Otros","Fleje 2","matriz","Fleje 2 → 〔Mat 7 (Corte Cuchilla Abrelatas)〕 → IF12 → 〔Mat 8 (Despunte Cuchilla)〕 → Mat 8 → 〔Mat 9 (Doblado Cuchilla)〕 → IF14 → 〔FAAT (Cementado)〕 → ST → 〔Guazzaroni (Pulido)〕 → IF16 → 〔Mat 10 (Armado Varilla C/Cuchilla)〕 → HF11 → 〔Pedernera (Cromado)〕 → B13 ▣"
"701","Abrelata a Manija","Rafael","Prov Art Terminado","N22","9","C6","Manija 
 Redonda Crom.","1","Otros","Fleje 30","matriz","Fleje 30 → 〔Mat 17 (Corte y Estampa Manija)〕 → Mat 17 → 〔Mat 18 (Aplastado Manija)〕 → Mat 18 → 〔Mat 19 (Recortado Manija)〕 → HF1 → 〔Pedernera (Cromado)〕 → C6 ▣"
"701","Abrelata a Manija","Rafael","Prov Art Terminado","N22","10","W3P","Arandela 
 fina Niq.","1","Otros","Fleje 5","matriz","Fleje 5 → 〔Mat 22 (Corte Arandela fina 501)〕 → W3 → 〔Guazzaroni (Niquelado)〕 → W3P ▣"
"701","Abrelata a Manija","Rafael","Prov Art Terminado","N22","11","W6","Arandelas Inox p/Mgo","2","Otros","Fleje 38","matriz","Fleje 38 → 〔Mat 16 (Corte Arandela manguito)〕 → W6 ▣"
"706","Abrelata Uña","Martin","Tallerista","N29","1","V9","Remache uña niq.","1","Remaches","📦 Comprado (Remaches) — Bella Vista","compra_remache","📦 Comprado (Remaches) — Bella Vista → 〔Guazzaroni (Niquelado)〕 → V9 ▣"
"706","Abrelata Uña","Martin","Tallerista","N29","2","A8","Cpo Uña C/M CH 706","1","Otros","Fleje 13","matriz","Fleje 13 → 〔Mat 28 (Corte Cuerpo Uña)〕 → JF2 → 〔Daniel / Jade (Pintado)〕 → A8 ▣"
"706","Abrelata Uña","Martin","Tallerista","N29","3","C10","Uña Zincada","1","Otros","Fleje 57","matriz","Fleje 57 → 〔Mat 29 (Corte Uña)〕 → LF13 → 〔FAAT (Cementado)〕 → ST → 〔Guazzaroni (Zincado)〕 → C10 ▣"
"706","Abrelata Uña","Martin","Tallerista","N29","4","CCV2C","Cartón 706","1","Cartones","Comprado Cartones","compra","📦 Comprado (Cartones) → V2C ▣"
"707","Rompenuez Pint CH","Log/ Fabr","Fabricación interna","N2","1","B1","Rompenuez Cerrado Ch Pint.","1","Otros","Fleje 15","matriz","Fleje 15 → 〔Mat 73 (Corte Rompe Pza)〕 → Mat 73 → 〔Mat 74A (Estampado Rompenuez Abierta)〕 → G5 → 〔Daniel / Jade (Pintado)〕 → B1 ▣"
"707","Rompenuez Pint CH","Log/ Fabr","Fabricación interna","N2","2","B2","Rompenuez Abierto Ch Pint.","1","Otros","Fleje 15","matriz","Fleje 15 → 〔Mat 73 (Corte Rompe Pza)〕 → Mat 73 → 〔Mat 74A (Estampado Rompenuez Abierta)〕 → G5 → 〔Mat 77 (Aplastado Punta Rompenuez)〕 → G6 → 〔Daniel / Jade (Pintado)〕 → B2 ▣"
"707","Rompenuez Pint CH","Log/ Fabr","Fabricación interna","N2","3","V4","Rem. Rompenuez Niq.","1","Remaches","📦 Comprado (Remaches) — Bella Vista","compra_remache","📦 Comprado (Remaches) — Bella Vista → 〔Guazzaroni (Niquelado)〕 → V4 ▣"
"708","SacaF CH","Martin","Tallerista","N13","1","Z1A","Pza Chica Sacaf. Articu. LK/CH","1","Otros","Fleje 17","matriz","Fleje 17 → 〔Mat 152 (Corte Pza Chica Sacafuente)〕 → Mat 152 → 〔Mat 154 (Doblado Pza Chica)〕 → Mat 154 → 〔Mat 155 (Estampado Pza Chica)〕 → Z4 → 〔Pedernera (Cromado)〕 → Z1A ▣"
"708","SacaF CH","Martin","Tallerista","N13","2","W8","Vastago Sacafuente Pizzero","1","Otros","Guazzaroni (Niquelado)","ps","Guazzaroni (Niquelado) → W8 ▣"
"708","SacaF CH","Martin","Tallerista","N13","3","CCN4A","Cartón 708","1","Cartones","Comprado Cartones","compra","📦 Comprado (Cartones) → N4A ▣"
"708","SacaF CH","Martin","Tallerista","N13","4","PEP7","Mgo Sacafuente Pizzero 7.25mm","1","Otros","PEP7 (Maspoli)","compra","PEP7 (Maspoli) → PEP7 ▣"
"708","SacaF CH","Martin","Tallerista","N13","5","V6","Rem Sacafuente 3.7 x 29.6","1","Remaches","📦 Comprado (Remaches) — Bella Vista","compra_remache","📦 Comprado (Remaches) — Bella Vista → 〔Guazzaroni (Niquelado)〕 → V6 ▣"
"708","SacaF CH","Martin","Tallerista","N13","6","Z3A","Pza Gde Sacaf. Articu. CH","1","Otros","Fleje 16","matriz","Fleje 16 → 〔Mat 153 (Corte Pza Grande Sacafuente)〕 → Mat 153 → 〔Mat 156 (Doblado Pza Grande)〕 → Mat 156 → 〔Mat 127 (Estampado Pza Grande)〕 → Z3B → 〔Pedernera (Cromado)〕 → Z3A ▣"
"709","Descorazonador De Manzana CH","Carlos","Tallerista","N2","1","CCP3A","Cartón 709","1","Cartones","Comprado Cartones","compra","📦 Comprado (Cartones) → P3A ▣"
"709","Descorazonador De Manzana CH","Carlos","Tallerista","N2","2","Z32","Descarozador de Manzana","1","Otros","Z32 (PENDIENTE (nacional))","compra","Z32 (PENDIENTE (nacional)) → Z32 ▣"
"709","Descorazonador De Manzana CH","Carlos","Tallerista","N2","3","PB3","Cuchara Ny Loeke (Serif.)","1","Otros","PB3 (Pat Bet Plast)","compra","PB3 (Pat Bet Plast) → PB3 ▣"
"709","Descorazonador De Manzana CH","Carlos","Tallerista","N2","4","PA19","Mangos Chef","1","Otros","PA19 (Pat Bet Plast)","compra","PA19 (Pat Bet Plast) → PA19 ▣"
"713","Pelador Mgo Metalico","Poly","Tallerista","N22","1","Z23","Cuch. Pelapapa
 Loeke","1","Otros","Fleje 19","matriz","Fleje 19 → 〔Mat 1 (Corte Cuchilla Pelador)〕 → 〔X1〕 → 〔X5 ← Martin ← X1〕 → X5 → 〔New Metal / FAAT (Templado)〕 → ST → 〔Gaston Almafuerte / Chormium (Pavonado)〕 → Y1 → 〔Mat 501 (Piedra (TP))〕 → Z23 ▣"
"713","Pelador Mgo Metalico","Poly","Tallerista","N22","2","D9","Clavos Niq.","1","Otros","PCP3 (Martin Facciolo)","ps","PCP3 (Martin Facciolo) → 〔Guazzaroni (Niquelado)〕 → D9 ▣"
"713","Pelador Mgo Metalico","Poly","Tallerista","N22","3","CCP6","Cartón 713","1","Cartones","Comprado Cartones","compra","📦 Comprado (Cartones) → P6 ▣"
"713","Pelador Mgo Metalico","Poly","Tallerista","N22","4","M7","Mang. Pelador Ch Crom.","1","Otros","Fleje 20","matriz","Fleje 20 → 〔Mat 3B (Corte y Estampado Mango Pelador Sin Marca)〕 → 〔M9〕 → 〔M8 ← Poly ← M9〕 → M8 → 〔Pedernera (Cromado)〕 → M7 ▣"
"723","Sacac Doble Aleta CH","Rafael","Prov Art Terminado","N2","1","D2","Aleta Derecha","1","Otros","Fleje 92","matriz","Fleje 92 → 〔Mat 116 (Corte de Aleta)〕 → LF12 → 〔Mat 114B (Doblado Aleta Derecha)〕 → Mat 114B → 〔Mat 221 (Estampado Aleta)〕 → LF10 → 〔Pedernera (Cromado)〕 → D2 ▣"
"723","Sacac Doble Aleta CH","Rafael","Prov Art Terminado","N2","2","V8","Remache Doble Aleta","2","Remaches","📦 Comprado (Remaches) — Bella Vista","compra_remache","📦 Comprado (Remaches) — Bella Vista → 〔Guazzaroni (Niquelado)〕 → V8 ▣"
"723","Sacac Doble Aleta CH","Rafael","Prov Art Terminado","N2","3","Ñ1A","Cartón 723","1","Otros","Ñ1A (sin proveedor)","compra","Ñ1A (sin proveedor) → Ñ1A ▣"
"723","Sacac Doble Aleta CH","Rafael","Prov Art Terminado","N2","4","D3","Aleta Izquierda","1","Otros","Fleje 92","matriz","Fleje 92 → 〔Mat 116 (Corte de Aleta)〕 → LF11 → 〔Mat 114A (Doblado Aleta Izquierda)〕 → Mat 114A → 〔Mat 221 (Estampado Aleta)〕 → LF9 → 〔Pedernera (Cromado)〕 → D3 ▣"
"723","Sacac Doble Aleta CH","Rafael","Prov Art Terminado","N2","5","E13","Cremallera","1","Otros","📦 Comprado (Remaches) — Bella Vista","compra_remache","📦 Comprado (Remaches) — Bella Vista → 〔Guazzaroni (Pulido)〕 → Z33 → 〔Pedernera (Cromado)〕 → E13 ▣"
"723","Sacac Doble Aleta CH","Rafael","Prov Art Terminado","N2","6","PC15B","Cuerpo Sac Aleta Plast Ch","1","Otros","PC15 (Pettofrezza)","ps","PC15 (Pettofrezza) → 〔Ximpa (Serigrafiado)〕 → PC15B ▣"
"730","Sacacorcho 730","Martin","Tallerista","N2","1","E15","Cuchufli Zincado","1","Otros","Fleje 23","matriz","Fleje 23 → 〔Mat 44 (Corte Cuchufli)〕 → LF16 → 〔Guazzaroni (Zincado)〕 → E15 ▣"
"730","Sacacorcho 730","Martin","Tallerista","N2","2","D14","Resorte 520 Niquel","1","Otros","ST (sin origen)","ps_st","ST (sin origen) → 〔Guazzaroni (Niquelado)〕 → D14 ▣"
"730","Sacacorcho 730","Martin","Tallerista","N2","3","V3","Rem. Sacatapita Niq","1","Remaches","📦 Comprado (Remaches) — Bella Vista","compra_remache","📦 Comprado (Remaches) — Bella Vista → 〔Guazzaroni (Niquelado)〕 → V3 ▣"
"730","Sacacorcho 730","Martin","Tallerista","N2","4","D4","Cabezal Crom.","1","Otros","Fleje 24","matriz","Fleje 24 → 〔Mat 45 (Corte Cabezal)〕 → JF14 → 〔Mat 46 (Doblado Cabezal)〕 → JF15 → 〔Pedernera (Cromado)〕 → D4 ▣"
"730","Sacacorcho 730","Martin","Tallerista","N2","5","D1","Espiral 520 Chino","1","Otros","D1 (sin proveedor)","compra","D1 (sin proveedor) → D1 ▣"
"730","Sacacorcho 730","Martin","Tallerista","N2","6","V1","Remache Espiral","1","Remaches","V1B (sin proveedor)","ps","V1B (sin proveedor) → 〔AJ Adhesivos (Adhesivado)〕 → V1C → 〔Guazzaroni (Niquelado)〕 → V1 ▣"
"730","Sacacorcho 730","Martin","Tallerista","N2","7","B7","Cpo Sacacorcho CH Serig","1","Otros","Fleje 22","matriz","Fleje 22 → 〔Mat 37 (Corte Cuerpo Sacac.)〕 → Mat 37 → 〔Mat 38 (Doblado Cuerpo Sacacorcho)〕 → Mat 38 → 〔Mat 39 (Cerrado Cuerpo Sacacorcho)〕 → KF2 → 〔Jade / Daniel (Pintado)〕 → B4 → 〔Ximpa (Serigafiado)〕 → B7 ▣"
"730","Sacacorcho 730","Martin","Tallerista","N2","8","V2","Rem. Cabezal Niq","1","Remaches","📦 Comprado (Remaches) — Bella Vista","compra_remache","📦 Comprado (Remaches) — Bella Vista → 〔Guazzaroni (Niquelado)〕 → V2 ▣"
"730","Sacacorcho 730","Martin","Tallerista","N2","9","CCO4A","Cartón 730","1","Cartones","Comprado Cartones","compra","📦 Comprado (Cartones) → O4A ▣"
"731","Sacacorcho 731","Martin","Tallerista","N2","1","CCS3C","Cartón 731","1","Cartones","Comprado Cartones","compra","📦 Comprado (Cartones) → S3C ▣"
"731","Sacacorcho 731","Martin","Tallerista","N2","2","D14","Resorte 520 Niquel","1","Otros","ST (sin origen)","ps_st","ST (sin origen) → 〔Guazzaroni (Niquelado)〕 → D14 ▣"
"731","Sacacorcho 731","Martin","Tallerista","N2","3","D4","Cabezal Crom.","1","Otros","Fleje 24","matriz","Fleje 24 → 〔Mat 45 (Corte Cabezal)〕 → JF14 → 〔Mat 46 (Doblado Cabezal)〕 → JF15 → 〔Pedernera (Cromado)〕 → D4 ▣"
"731","Sacacorcho 731","Martin","Tallerista","N2","4","D1","Espiral 520 Chino","1","Otros","D1 (sin proveedor)","compra","D1 (sin proveedor) → D1 ▣"
"731","Sacacorcho 731","Martin","Tallerista","N2","5","V1","Remache Espiral","1","Remaches","V1B (sin proveedor)","ps","V1B (sin proveedor) → 〔AJ Adhesivos (Adhesivado)〕 → V1C → 〔Guazzaroni (Niquelado)〕 → V1 ▣"
"731","Sacacorcho 731","Martin","Tallerista","N2","6","PC8","Cachas Azules","1","Otros","PC8 (Pat Bet Plast)","compra","PC8 (Pat Bet Plast) → PC8 ▣"
"731","Sacacorcho 731","Martin","Tallerista","N2","7","V2","Rem. Cabezal Niq","1","Remaches","📦 Comprado (Remaches) — Bella Vista","compra_remache","📦 Comprado (Remaches) — Bella Vista → 〔Guazzaroni (Niquelado)〕 → V2 ▣"
"731","Sacacorcho 731","Martin","Tallerista","N2","8","V3","Rem. Sacatapita Niq","1","Remaches","📦 Comprado (Remaches) — Bella Vista","compra_remache","📦 Comprado (Remaches) — Bella Vista → 〔Guazzaroni (Niquelado)〕 → V3 ▣"
"731","Sacacorcho 731","Martin","Tallerista","N2","9","B7","Cpo Sacacorcho CH Serig","1","Otros","Fleje 22","matriz","Fleje 22 → 〔Mat 37 (Corte Cuerpo Sacac.)〕 → Mat 37 → 〔Mat 38 (Doblado Cuerpo Sacacorcho)〕 → Mat 38 → 〔Mat 39 (Cerrado Cuerpo Sacacorcho)〕 → KF2 → 〔Jade / Daniel (Pintado)〕 → B4 → 〔Ximpa (Serigafiado)〕 → B7 ▣"
"732","Cuchara De Helado","Rafael","Prov Art Terminado","N8","1","Ñ5","Cartón 732","1","Otros","Ñ5 (sin proveedor)","compra","Ñ5 (sin proveedor) → Ñ5 ▣"
"735","Sac Plast CH","Martin","Tallerista","N22","1","D1","Espiral 520 Chino","1","Otros","D1 (sin proveedor)","compra","D1 (sin proveedor) → D1 ▣"
"735","Sac Plast CH","Martin","Tallerista","N22","2","V11","Remache Sacacorcho Plast","1","Remaches","📦 Comprado (Remaches) — Bella Vista","compra_remache","📦 Comprado (Remaches) — Bella Vista → 〔Guazzaroni (Niquelado)〕 → V11 ▣"
"735","Sac Plast CH","Martin","Tallerista","N22","3","PB8A","Mgo Sacac Plast","1","Otros","PB8A (Pat Bet Plast)","compra","PB8A (Pat Bet Plast) → PB8A ▣"
"735","Sac Plast CH","Martin","Tallerista","N22","4","CCS3B","Cartón 735","1","Cartones","Comprado Cartones","compra","📦 Comprado (Cartones) → S3B ▣"
"759","","Oscar / Oscar / Oscar","Tallerista","","1","","Cartón 759","","Otros","Compra Otros","compra","Compra (Otros) → Cartón 759 ▣"
"759","","Oscar / Oscar / Oscar","Tallerista","","2","GRJ4","Bombilla Pico de Loro 759","","Otros","GRJ4 (Cimarrón)","compra","GRJ4 (Cimarrón) → GRJ4 ▣"
"761","Cucharita Matera","Melinox","Prov Art Terminado","N1","1","","Cartón","1","Otros","Compra Otros","compra","Compra (Otros) → Cartón ▣"
"789","P Papas Ny CH","German","Tallerista","N8","1","PV5","Pisa papa Nylon","1","Plásticos","PV5 (Pat Bet Plast)","compra","PV5 (Pat Bet Plast) → PV5 ▣"
"789","P Papas Ny CH","German","Tallerista","N8","2","CCQ5","Cartón 789","1","Cartones","Comprado Cartones","compra","📦 Comprado (Cartones) → Q5 ▣"
"789","P Papas Ny CH","German","Tallerista","N8","3","PA19","Mangos Chef","1","Otros","PA19 (Pat Bet Plast)","compra","PA19 (Pat Bet Plast) → PA19 ▣"
"789","P Papas Ny CH","German","Tallerista","N8","4","PB9","Inser. Neg. Batidor Calado Pasante","1","Otros","PB9 (Pat Bet Plast)","compra","PB9 (Pat Bet Plast) → PB9 ▣"
"800","Pinza Chica CH","Pedernera / Pedernera","Tallerista","N2","1","CCO5A","Cartón 800","1","Cartones","Comprado Cartones","compra","📦 Comprado (Cartones) → O5A ▣"
"800","Pinza Chica CH","Pedernera / Pedernera","Tallerista","N2","2","N7","Pinza Chica","1","Otros","Fleje 82","matriz","Fleje 82 → 〔Mat 131 (Estampado Punta Pinzas)〕 → Mat 131 → 〔Mat 130 (Doblado Agarre Pinzas)〕 → Mat 130 → 〔Mat 129 (Estampa Pinza chica)〕 → Mat 129 → 〔Mat 132 (Estampado y Agujero Pinzas)〕 → Mat 132 → 〔Mat 133 (Doblado Punta Pinza chica)〕 → Mat 133 → 〔Mat 134 (Remachado pinza chica/ Gde)〕 → N7 ▣"
"800","Pinza Chica CH","Pedernera / Pedernera","Tallerista","N2","2","N7","Pinza Chica","1","Otros","Fleje 82","matriz","Fleje 82 → 〔Mat 131 (Estampado Punta Pinzas)〕 → Mat 131 → 〔Mat 130 (Doblado Agarre Pinzas)〕 → Mat 130 → 〔Mat 180 (Estampado Punta Pinza Grande)〕 → Mat 180 → 〔Mat 132 (Estampado y Agujero Pinzas)〕 → Mat 132 → 〔Mat 133 (Doblado Punta Pinza chica)〕 → Mat 133 → 〔Mat 134 (Remachado pinza chica/ Gde)〕 → N7 ▣"
"801","Pinza Grande CH","Pedernera / Pedernera","Tallerista","N6","1","N8","Pinza Grande","1","Otros","Fleje 82","matriz","Fleje 82 → 〔Mat 131 (Estampado Punta Pinzas)〕 → Mat 131 → 〔Mat 130 (Doblado Agarre Pinzas)〕 → Mat 130 → 〔Mat 129 (Estampa Pinza chica)〕 → Mat 129 → 〔Mat 132 (Estampado y Agujero Pinzas)〕 → Mat 132 → 〔Mat 181 (Armado c/Puntera Pinza Grande)〕 → Mat 181 → 〔Mat 134 (Remachado pinza chica/ Gde)〕 → N8 ▣"
"801","Pinza Grande CH","Pedernera / Pedernera","Tallerista","N6","1","N8","Pinza Grande","1","Otros","Fleje 82","matriz","Fleje 82 → 〔Mat 131 (Estampado Punta Pinzas)〕 → Mat 131 → 〔Mat 130 (Doblado Agarre Pinzas)〕 → Mat 130 → 〔Mat 180 (Estampado Punta Pinza Grande)〕 → Mat 180 → 〔Mat 132 (Estampado y Agujero Pinzas)〕 → Mat 132 → 〔Mat 181 (Armado c/Puntera Pinza Grande)〕 → Mat 181 → 〔Mat 134 (Remachado pinza chica/ Gde)〕 → N8 ▣"
"801","Pinza Grande CH","Pedernera / Pedernera","Tallerista","N6","1","N8","Pinza Grande","1","Otros","Fleje 68","matriz","Fleje 68 → 〔Mat 367 (Corte Puntera Pinza Grande)〕 → N6 → 〔Mat 181 (Armado c/Puntera Pinza Grande)〕 → Mat 181 → 〔Mat 134 (Remachado pinza chica/ Gde)〕 → N8 ▣"
"801","Pinza Grande CH","Pedernera / Pedernera","Tallerista","N6","2","","Cartón 801","1","Cartones","Compra Cartones","compra","Compra (Cartones) → Cartón 801 ▣"
"802","Batidor Pera CH","Pedernera / Pedernera","Tallerista","N12","1","CCP4A","Cartón 802","1","Cartones","Comprado Cartones","compra","📦 Comprado (Cartones) → P4A ▣"
"802","Batidor Pera CH","Pedernera / Pedernera","Tallerista","N12","2","GRJ10","Batidor Pera","1","Otros","Fleje31 (sin proveedor)","compra","Fleje31 (sin proveedor) → 〔Fleje31〕 → 〔GRJ10 ← Carlos ← Fleje31 + Fleje32 + LLF7B + LLF8〕 → GRJ10 ▣"
"802","Batidor Pera CH","Pedernera / Pedernera","Tallerista","N12","2","GRJ10","Batidor Pera","1","Otros","Fleje32 (sin proveedor)","compra","Fleje32 (sin proveedor) → 〔Fleje32〕 → 〔GRJ10 ← Carlos ← Fleje31 + Fleje32 + LLF7B + LLF8〕 → GRJ10 ▣"
"802","Batidor Pera CH","Pedernera / Pedernera","Tallerista","N12","2","GRJ10","Batidor Pera","1","Otros","Fleje 58","matriz","Fleje 58 → 〔Mat 137 (Cortar arandela Batidor mini)〕 → 〔LLF7B〕 → 〔GRJ10 ← Carlos ← Fleje31 + Fleje32 + LLF7B + LLF8〕 → GRJ10 ▣"
"802","Batidor Pera CH","Pedernera / Pedernera","Tallerista","N12","2","GRJ10","Batidor Pera","1","Otros","LLF8 (sin proveedor)","compra","LLF8 (sin proveedor) → 〔LLF8〕 → 〔GRJ10 ← Carlos ← Fleje31 + Fleje32 + LLF7B + LLF8〕 → GRJ10 ▣"
"809","Corta Queso Alambre Chef","Lucho","Tallerista","N1","1","A9","Cpo corta queso completo","1","Otros","A9 (sin proveedor)","compra","A9 (sin proveedor) → A9 ▣"
"809","Corta Queso Alambre Chef","Lucho","Tallerista","N1","2","CCO6A","Cartón 809","1","Cartones","Comprado Cartones","compra","📦 Comprado (Cartones) → O6A ▣"
"809","Corta Queso Alambre Chef","Lucho","Tallerista","N1","3","PB1","Cilindro Corta Queso","1","Otros","PB1 (Pat Bet Plast)","compra","PB1 (Pat Bet Plast) → PB1 ▣"
"816","Tapon De Vino/Cerveza X2 Color","Rafael","Prov Art Terminado","N22","1","Q7B","Cartón 816","1","Otros","Q7B (sin proveedor)","compra","Q7B (sin proveedor) → Q7B ▣"
"817","Tapon De Vino/Cerveza X2 Negro","Rafael","Prov Art Terminado","N2","1","O2B","Cartón 817","1","Otros","O2B (sin proveedor)","compra","O2B (sin proveedor) → O2B ▣"
"818","Corta Torta Plástico","Carlos","Tallerista","N10","1","","Cartón 818","1","Cartones","Compra Cartones","compra","Compra (Cartones) → Cartón 818 ▣"
"818","Corta Torta Plástico","Carlos","Tallerista","N10","2","PB3","Cuchara Ny Loeke (Serif.)","1","Otros","PB3 (Pat Bet Plast)","compra","PB3 (Pat Bet Plast) → PB3 ▣"
"823","Exprimidor De Citricos","Rafael","Prov Art Terminado","N7","1","","Cartón 823","1","Otros","Compra Otros","compra","Compra (Otros) → Cartón 823 ▣"
"824","Colador Ø 8Cm","Lopez Jose","Prov Art Terminado","N2","1","Q6B","Cartón","1","Otros","Q6B (sin proveedor)","compra","Q6B (sin proveedor) → Q6B ▣"
"825","Colador Ø 10Cm Inox","Lopez Jose","Prov Art Terminado","N2","1","Q6C","Cartón","1","Otros","Q6C (sin proveedor)","compra","Q6C (sin proveedor) → Q6C ▣"
"836","Filtro De Café 10Cm","Poly","Tallerista","N22","1","","Cartón 836","1","Cartones","Compra Cartones","compra","Compra (Cartones) → Cartón 836 ▣"
"836","Filtro De Café 10Cm","Poly","Tallerista","N22","2","FC3","Alambre Filtro Café","1","Otros","Fleje 90","matriz","Fleje 90 → 〔Mat Charcas〕 → FC3 ▣"
"840","Rallador Cilindrico 21Cm","Carriero","Prov Art Terminado","N10","1","P2A","Cartón","1","Otros","P2A (sin proveedor)","compra","P2A (sin proveedor) → P2A ▣"
"847","Espatula Repostera Plast 1 Pza","The Plast","Prov Art Terminado","N2","1","Q5","Cartón","1","Otros","Q5 (sin proveedor)","compra","Q5 (sin proveedor) → Q5 ▣"
"848","Corta Torta Plastica 3 Usos","The Plast","Prov Art Terminado","N2","1","Q5","Cartón","1","Otros","Q5 (sin proveedor)","compra","Q5 (sin proveedor) → Q5 ▣"
"852","Pinza De Hielo 14Cm","Manfer","Prov Art Terminado","N1","1","","Cartón","1","Otros","Compra Otros","compra","Compra (Otros) → Cartón ▣"
"856","P. Torta CH","Martin","Tallerista","N6","1","PA19","Mangos Chef","1","Otros","PA19 (Pat Bet Plast)","compra","PA19 (Pat Bet Plast) → PA19 ▣"
"856","P. Torta CH","Martin","Tallerista","N6","2","Z20","Pala Torta","1","Otros","Z20 (PENDIENTE (nacional))","compra","Z20 (PENDIENTE (nacional)) → Z20 ▣"
"856","P. Torta CH","Martin","Tallerista","N6","3","PB7","Inser. Neg. Batidor","1","Otros","PB7 (Pat Bet Plast)","compra","PB7 (Pat Bet Plast) → PB7 ▣"
"856","P. Torta CH","Martin","Tallerista","N6","4","CCQ5","Cartón 856","1","Cartones","Comprado Cartones","compra","📦 Comprado (Cartones) → Q5 ▣"
"857","Cuch Tor CH","Martin","Tallerista","N6","1","PA19","Mangos Chef","1","Otros","PA19 (Pat Bet Plast)","compra","PA19 (Pat Bet Plast) → PA19 ▣"
"857","Cuch Tor CH","Martin","Tallerista","N6","2","CCQ5","Cartón 857","1","Cartones","Comprado Cartones","compra","📦 Comprado (Cartones) → Q5 ▣"
"857","Cuch Tor CH","Martin","Tallerista","N6","3","Z21","Cuchillo Torta CH/LK","1","Otros","Z21 (PENDIENTE (nacional))","compra","Z21 (PENDIENTE (nacional)) → Z21 ▣"
"857","Cuch Tor CH","Martin","Tallerista","N6","4","PB7","Inser. Neg. Batidor","1","Otros","PB7 (Pat Bet Plast)","compra","PB7 (Pat Bet Plast) → PB7 ▣"
"859","C Raviol CH","Martin","Tallerista","N1","1","LLF2","Disco C/ Ravioles","1","Otros","Fleje 75","matriz","Fleje 75 → 〔Mat 350 (Corte Corta Ravioles)〕 → Mat 350 → 〔Mat 359 (Estampado Corta Raviol)〕 → LLF2 ▣"
"859","C Raviol CH","Martin","Tallerista","N1","2","LLF1","""S"" C/ Pizza/Raviol","1","Otros","Fleje 76","matriz","Fleje 76 → 〔Mat 357 (Corte Eses)〕 → LLF1 ▣"
"859","C Raviol CH","Martin","Tallerista","N1","3","PA19","Mangos Chef","1","Otros","PA19 (Pat Bet Plast)","compra","PA19 (Pat Bet Plast) → PA19 ▣"
"859","C Raviol CH","Martin","Tallerista","N1","4","E12","Vastago C/ Pizza Cico/ Ravioles","1","Otros","Fleje 7","matriz","Fleje 7 → 〔Mat 354 (Corte Vast Corta Pizza Chico)〕 → LF15 → 〔Pedernera (Cromado)〕 → E12 ▣"
"859","C Raviol CH","Martin","Tallerista","N1","5","CCQ5","Cartón 859","1","Cartones","Comprado Cartones","compra","📦 Comprado (Cartones) → Q5 ▣"
"859","C Raviol CH","Martin","Tallerista","N1","6","V12","Rem. C/ Pizza/Raviol","1","Remaches","📦 Comprado (Remaches) — Bella Vista","compra_remache","📦 Comprado (Remaches) — Bella Vista → 〔Guazzaroni (Niquelado)〕 → V12 ▣"
"859","C Raviol CH","Martin","Tallerista","N1","7","PC7","Inserto Neg. Canelones","1","Otros","PC7 (Pat Bet Plast)","compra","PC7 (Pat Bet Plast) → PC7 ▣"
"862","C Pizza 6 CH","Martin","Tallerista","N2","1","CCN1","Cartón 862","1","Cartones","Comprado Cartones","compra","📦 Comprado (Cartones) → N1 ▣"
"862","C Pizza 6 CH","Martin","Tallerista","N2","2","PC7","Inserto Neg. Canelones","1","Otros","PC7 (Pat Bet Plast)","compra","PC7 (Pat Bet Plast) → PC7 ▣"
"862","C Pizza 6 CH","Martin","Tallerista","N2","3","E12","Vastago C/ Pizza Cico/ Ravioles","1","Otros","Fleje 7","matriz","Fleje 7 → 〔Mat 354 (Corte Vast Corta Pizza Chico)〕 → LF15 → 〔Pedernera (Cromado)〕 → E12 ▣"
"862","C Pizza 6 CH","Martin","Tallerista","N2","4","LLF1","""S"" C/ Pizza/Raviol","1","Otros","Fleje 76","matriz","Fleje 76 → 〔Mat 357 (Corte Eses)〕 → LLF1 ▣"
"862","C Pizza 6 CH","Martin","Tallerista","N2","5","PA19","Mangos Chef","1","Otros","PA19 (Pat Bet Plast)","compra","PA19 (Pat Bet Plast) → PA19 ▣"
"862","C Pizza 6 CH","Martin","Tallerista","N2","6","LLF3","Disco C/ Pizza Ø6","1","Otros","Fleje 74","matriz","Fleje 74 → 〔Mat 358 (Corte Disco Corta Pizza Chico)〕 → LLF3 ▣"
"862","C Pizza 6 CH","Martin","Tallerista","N2","7","V12","Rem. C/ Pizza/Raviol","1","Remaches","📦 Comprado (Remaches) — Bella Vista","compra_remache","📦 Comprado (Remaches) — Bella Vista → 〔Guazzaroni (Niquelado)〕 → V12 ▣"
"863","C Pizza 8 CH","Martin","Tallerista","N13","1","LLF4","Disco C/ Pizza Ø8","1","Otros","Fleje 41","matriz","Fleje 41 → 〔Mat 349 (Corte Disco Pisapapa)〕 → LLF4 ▣"
"863","C Pizza 8 CH","Martin","Tallerista","N13","2","V12","Rem. C/ Pizza/Raviol","1","Remaches","📦 Comprado (Remaches) — Bella Vista","compra_remache","📦 Comprado (Remaches) — Bella Vista → 〔Guazzaroni (Niquelado)〕 → V12 ▣"
"863","C Pizza 8 CH","Martin","Tallerista","N13","3","LLF1","""S"" C/ Pizza/Raviol","1","Otros","Fleje 76","matriz","Fleje 76 → 〔Mat 357 (Corte Eses)〕 → LLF1 ▣"
"863","C Pizza 8 CH","Martin","Tallerista","N13","4","E9","Vast corta Pizza Gast","1","Otros","Fleje 62","matriz","Fleje 62 → 〔Mat 346 (Corte Vastago Corta Pizza Grande)〕 → KF14 → 〔Pedernera (Cromado)〕 → E9 ▣"
"863","C Pizza 8 CH","Martin","Tallerista","N13","5","CCR3C","Cartón 863","1","Cartones","Comprado Cartones","compra","📦 Comprado (Cartones) → R3C ▣"
"863","C Pizza 8 CH","Martin","Tallerista","N13","6","PEP8","Mgo Corta Pizza","1","Otros","PEP8 (Pat Bet Plast)","compra","PEP8 (Pat Bet Plast) → PEP8 ▣"
"867","Filtro De Cafe Gastronomico 14Cm","Poly","Tallerista","N2","1","FB3B","Alambre Filtro Café Gast","1","Otros","Fleje 90B","matriz","Fleje 90B → 〔Mat Charcas〕 → FB3B ▣"
"867","Filtro De Cafe Gastronomico 14Cm","Poly","Tallerista","N2","2","CCB5C","Cartón 867","1","Cartones","Comprado Cartones","compra","📦 Comprado (Cartones) → B5C ▣"
"878","Cuchillo De Untar Mgo Plast X2","Rafael","Prov Art Terminado","N22","1","PA5","Mang Cuch Unt Chef","1","Otros","PA5 (Pat Bet Plast)","compra","PA5 (Pat Bet Plast) → PA5 ▣"
"878","Cuchillo De Untar Mgo Plast X2","Rafael","Prov Art Terminado","N22","2","PA4","Mang Cuch Unt Rojo","1","Otros","PA4 (Pat Bet Plast)","compra","PA4 (Pat Bet Plast) → PA4 ▣"
"878","Cuchillo De Untar Mgo Plast X2","Rafael","Prov Art Terminado","N22","3","E8","Cuchillo Untar Inox p/Plast","1","Otros","Fleje 74","matriz","Fleje 74 → 〔Mat 347 (Corte Cuch Untar Mgo Plast)〕 → Mat 347 → 〔Mat 119 (Estampado Cuchillo Untar)〕 → E8 ▣"
"878","Cuchillo De Untar Mgo Plast X2","Rafael","Prov Art Terminado","N22","4","CCS3A","Cartón 878","1","Cartones","Comprado Cartones","compra","📦 Comprado (Cartones) → S3A ▣"
"900","Prensa Matambre","Maspoli","Prov Art Terminado","N10","1","","Cartón","1","Otros","Compra Otros","compra","Compra (Otros) → Cartón ▣"
"901","Cuchara Madera 35 Cm","Pintos","Prov Art Terminado","N12","1","Q5D","Cartón","1","Otros","Q5D (sin proveedor)","compra","Q5D (sin proveedor) → Q5D ▣"
"902","Cuchara Madera 45 Cm","Pintos","Prov Art Terminado","N27","1","Q5E","Cartón","1","Otros","Q5E (sin proveedor)","compra","Q5E (sin proveedor) → Q5E ▣"
"908","Cuchara 33 Nylon","Carlos","Tallerista","N12","1","PV11","Cuchara Calada 1 Pz Ny","1","Plásticos","PV11 (Pat Bet Plast)","compra","PV11 (Pat Bet Plast) → PV11 ▣"
"908","Cuchara 33 Nylon","Carlos","Tallerista","N12","2","CCQ7A","Cartón 908","1","Cartones","Comprado Cartones","compra","📦 Comprado (Cartones) → Q7A ▣"
"911","Cuchara Madera 30 Cm","Pintos","Prov Art Terminado","N2","1","Q7C","Cartón","1","Otros","Q7C (sin proveedor)","compra","Q7C (sin proveedor) → Q7C ▣"
"920","Cuchara Madera 40 Cm","Pintos","Prov Art Terminado","N27","1","Q7D","Cartón","1","Otros","Q7D (sin proveedor)","compra","Q7D (sin proveedor) → Q7D ▣"
"922","Cuchara Madera 25 Cm","Pintos","Prov Art Terminado","N2","1","Q7E","Cartón","1","Otros","Q7E (sin proveedor)","compra","Q7E (sin proveedor) → Q7E ▣"
"A10","Abrelata - Cpo Uña LK","Carlos / Martin","Tallerista","","1","A10","Cpo Uña LK C/M Pint.","1","Otros","Fleje 13","matriz","Fleje 13 → 〔Mat 28 (Corte Cuerpo Uña)〕 → JF2 → 〔Rec Color / Daniel / Jade (Pintado)〕 → A10 ▣"
"A15","Abrelata - Cpo Uña Crom","Carlos","Tallerista","","1","A15","Cpo Uña Crom. LK C/M","1","Otros","Fleje 13","matriz","Fleje 13 → 〔Mat 28B (Corte Cuerpo Uña p/Cromar)〕 → JF5 → 〔Pedernera (Cromado)〕 → A15 ▣"
"B6","Cpo Sacacorcho LK Serig","Martin","Tallerista","","1","B6","Cpo Sacacorcho LK Serig","1","Otros","Fleje 22","matriz","Fleje 22 → 〔Mat 37 (Corte Cuerpo Sacac.)〕 → Mat 37 → 〔Mat 38 (Doblado Cuerpo Sacacorcho)〕 → Mat 38 → 〔Mat 39 (Cerrado Cuerpo Sacacorcho)〕 → KF2 → 〔Jade / Daniel (Pintado)〕 → B4 → 〔Ximpa (Serigafiado)〕 → B6 ▣"
"C1","Abrelata Pie - Uña Serig","Martin","Tallerista","","1","C1","Abrelata Pie Uña Serig","1","Otros","Fleje 29","matriz","Fleje 29 → 〔Mat 27 (Corte Cuerpo Uña Pie)〕 → JF13 → 〔Daniel / Jade (Pintado)〕 → C2 → 〔Ximpa (Serigrafiado)〕 → C1 ▣"
"C10","Abrelata - Componente Uña","Martin / Carlos","Tallerista","","1","C10","Uña Zincada","1","Otros","Fleje 57","matriz","Fleje 57 → 〔Mat 29 (Corte Uña)〕 → LF13 → 〔FAAT (Cementado)〕 → ST → 〔Guazzaroni (Zincado)〕 → C10 ▣"
"F7","Arandela Gde Afila Zinc.","Martin / Lucho","Tallerista","","1","F7","Arandela Gde Afila Zinc.","1","Otros","(loop: F7)","loop","(loop: F7) → 〔F7〕 → 〔Toch ← Tallerista ← F7〕 → 〔Toch〕 → 〔F7 ← Tallerista ← Toch〕 → F7 ▣"
"G3","Cpo Sacacorcho 520 p/cromar","Martin","Tallerista","","1","KF5","Cpo Sacacorcho LK p/Armar","1","Otros","Fleje 22","matriz","Fleje 22 → 〔Mat 37 (Corte Cuerpo Sacac.)〕 → Mat 37 → 〔Mat 38 (Doblado Cuerpo Sacacorcho)〕 → Mat 38 → 〔Mat 39 (Cerrado Cuerpo Sacacorcho)〕 → KF5 ▣"
"G4","Cpo Sacacorcho 521 p/cromar","Martin","Tallerista","","1","KF5","Cpo Sacacorcho LK p/Armar","1","Otros","Fleje 22","matriz","Fleje 22 → 〔Mat 37 (Corte Cuerpo Sacac.)〕 → Mat 37 → 〔Mat 38 (Doblado Cuerpo Sacacorcho)〕 → Mat 38 → 〔Mat 39 (Cerrado Cuerpo Sacacorcho)〕 → KF5 ▣"
"GRJ1","Abrelata Uña Pie LK","Martin / Martin / Martin","Tallerista","","1","GRJ1","Abrelata Uña Pie 500","","Intermedios","Fleje 29","matriz","Fleje 29 → 〔Mat 27 (Corte Cuerpo Uña Pie)〕 → JF13 → 〔Daniel / Jade (Pintado)〕 → C2 → 〔Ximpa (Serigrafiado)〕 → 〔C1〕 → 〔GRJ1 ← Martin, Carlos ← C1 + C10 + V9〕 → GRJ1 ▣"
"GRJ1","Abrelata Uña Pie LK","Martin / Martin / Martin","Tallerista","","1","GRJ1","Abrelata Uña Pie 500","","Intermedios","Fleje 57","matriz","Fleje 57 → 〔Mat 29 (Corte Uña)〕 → LF13 → 〔FAAT (Cementado)〕 → ST → 〔Guazzaroni (Zincado)〕 → 〔C10〕 → 〔GRJ1 ← Martin, Carlos ← C1 + C10 + V9〕 → GRJ1 ▣"
"GRJ1","Abrelata Uña Pie LK","Martin / Martin / Martin","Tallerista","","1","GRJ1","Abrelata Uña Pie 500","","Intermedios","📦 Comprado (Remaches) — Bella Vista","compra_remache","📦 Comprado (Remaches) — Bella Vista → 〔Guazzaroni (Niquelado)〕 → 〔V9〕 → 〔GRJ1 ← Martin, Carlos ← C1 + C10 + V9〕 → GRJ1 ▣"
"GRJ7","Abrelata Uña 506 - Armada","Martin / Martin / Carlos / Carlos / Martin / Carlos","Tallerista","","1","GRJ7","Abrelata Uña 506","1","Intermedios","Fleje 13","matriz","Fleje 13 → 〔Mat 28 (Corte Cuerpo Uña)〕 → JF2 → 〔Rec Color / Daniel / Jade (Pintado)〕 → 〔A10〕 → 〔GRJ7 ← Martin, Carlos ← A10 + C10 + V9〕 → GRJ7 ▣"
"GRJ7","Abrelata Uña 506 - Armada","Martin / Martin / Carlos / Carlos / Martin / Carlos","Tallerista","","1","GRJ7","Abrelata Uña 506","1","Intermedios","Fleje 57","matriz","Fleje 57 → 〔Mat 29 (Corte Uña)〕 → LF13 → 〔FAAT (Cementado)〕 → ST → 〔Guazzaroni (Zincado)〕 → 〔C10〕 → 〔GRJ7 ← Martin, Carlos ← A10 + C10 + V9〕 → GRJ7 ▣"
"GRJ7","Abrelata Uña 506 - Armada","Martin / Martin / Carlos / Carlos / Martin / Carlos","Tallerista","","1","GRJ7","Abrelata Uña 506","1","Intermedios","📦 Comprado (Remaches) — Bella Vista","compra_remache","📦 Comprado (Remaches) — Bella Vista → 〔Guazzaroni (Niquelado)〕 → 〔V9〕 → 〔GRJ7 ← Martin, Carlos ← A10 + C10 + V9〕 → GRJ7 ▣"
"GRJ9","Abrelata Uña 510 - Armada","Carlos / Carlos / Carlos","Tallerista","","1","GRJ9","Abrelata Uña 510","1","Intermedios","Fleje 13","matriz","Fleje 13 → 〔Mat 28B (Corte Cuerpo Uña p/Cromar)〕 → JF5 → 〔Pedernera (Cromado)〕 → 〔A15〕 → 〔GRJ9 ← Martin, Carlos ← A15 + C10 + V9〕 → GRJ9 ▣"
"GRJ9","Abrelata Uña 510 - Armada","Carlos / Carlos / Carlos","Tallerista","","1","GRJ9","Abrelata Uña 510","1","Intermedios","Fleje 57","matriz","Fleje 57 → 〔Mat 29 (Corte Uña)〕 → LF13 → 〔FAAT (Cementado)〕 → ST → 〔Guazzaroni (Zincado)〕 → 〔C10〕 → 〔GRJ9 ← Martin, Carlos ← A15 + C10 + V9〕 → GRJ9 ▣"
"GRJ9","Abrelata Uña 510 - Armada","Carlos / Carlos / Carlos","Tallerista","","1","GRJ9","Abrelata Uña 510","1","Intermedios","📦 Comprado (Remaches) — Bella Vista","compra_remache","📦 Comprado (Remaches) — Bella Vista → 〔Guazzaroni (Niquelado)〕 → 〔V9〕 → 〔GRJ9 ← Martin, Carlos ← A15 + C10 + V9〕 → GRJ9 ▣"
"GRJ10","Batidor Pera","Carlos / Carlos / Carlos / Carlos","Tallerista","","1","Fleje31","Varilla B Pera Corta","","Otros","Fleje31 (sin proveedor)","compra","Fleje31 (sin proveedor) → Fleje31 ▣"
"GRJ10","Batidor Pera","Carlos / Carlos / Carlos / Carlos","Tallerista","","2","LLF8","Resorte Batidor Pera","","Otros","LLF8 (sin proveedor)","compra","LLF8 (sin proveedor) → LLF8 ▣"
"GRJ10","Batidor Pera","Carlos / Carlos / Carlos / Carlos","Tallerista","","3","LLF7B","Arandela Batidor Pera","","Otros","Fleje 58","matriz","Fleje 58 → 〔Mat 137 (Cortar arandela Batidor mini)〕 → LLF7B ▣"
"GRJ10","Batidor Pera","Carlos / Carlos / Carlos / Carlos","Tallerista","","4","Fleje32","Varilla B Pera Larga","","Otros","Fleje32 (sin proveedor)","compra","Fleje32 (sin proveedor) → Fleje32 ▣"
"KF2","Cpo Sacacorcho S/marca P/pintar (crudo Martin)","Martin","Tallerista","","1","KF2","Cpo Sacacorcho S/marca P/pintar","1","Otros","Fleje 22","matriz","Fleje 22 → 〔Mat 37 (Corte Cuerpo Sacac.)〕 → Mat 37 → 〔Mat 38 (Doblado Cuerpo Sacacorcho)〕 → Mat 38 → 〔Mat 39 (Cerrado Cuerpo Sacacorcho)〕 → KF2 ▣"
"KF5","Cpo Sacacorcho LK p/Armar","Martin","Tallerista","","1","KF5","Cpo Sacacorcho LK p/Armar","1","Otros","Fleje 22","matriz","Fleje 22 → 〔Mat 37 (Corte Cuerpo Sacac.)〕 → Mat 37 → 〔Mat 38 (Doblado Cuerpo Sacacorcho)〕 → Mat 38 → 〔Mat 39 (Cerrado Cuerpo Sacacorcho)〕 → KF5 ▣"
"KF8","Sacatapita Estampado p/Cromar (crudo Martin)","Martin","Tallerista","","1","KF8","Sacatapita Estampado p/Cromar","1","Otros","Fleje 25","matriz","Fleje 25 → 〔Mat 40 (Corte Sacatapita)〕 → KF7 → 〔Mat 41 (Estampado Sacatapita)〕 → KF8 ▣"
"LF16","Cuchufli p/Zincar (crudo Martin)","Martin","Tallerista","","1","LF16","Cuchufli p/Zincar","1","Otros","Fleje 23","matriz","Fleje 23 → 〔Mat 44 (Corte Cuchufli)〕 → LF16 ▣"
"M5","Mgo Pelador LK Crom.","Poly","Tallerista","","1","M5","Mgo Pelador LK Crom.","1","Otros","Fleje 20","matriz","Fleje 20 → 〔Mat 3 (Corte y Estampado Mango pela)〕 → 〔M10〕 → 〔M6 ← Poly ← M10〕 → M6 → 〔Pedernera (Cromado)〕 → M5 ▣"
"M6","Mango Pelapapa LK p/Cromar","Poly","Tallerista","","1","M6","Mango Pelapapa LK p/Cromar","1","Otros","Fleje 20","matriz","Fleje 20 → 〔Mat 3 (Corte y Estampado Mango pela)〕 → 〔M10〕 → 〔M6 ← Poly ← M10〕 → M6 ▣"
"M7","Mang. Pelador Ch Crom.","Poly","Tallerista","","1","M7","Mang. Pelador Ch Crom.","1","Otros","Fleje 20","matriz","Fleje 20 → 〔Mat 3B (Corte y Estampado Mango Pelador Sin Marca)〕 → 〔M9〕 → 〔M8 ← Poly ← M9〕 → M8 → 〔Pedernera (Cromado)〕 → M7 ▣"
"M8","Mango Pelapapa CH p/Cromar","Poly","Tallerista","","1","M8","Mango Pelapapa CH p/Cromar","1","Otros","Fleje 20","matriz","Fleje 20 → 〔Mat 3B (Corte y Estampado Mango Pelador Sin Marca)〕 → 〔M9〕 → 〔M8 ← Poly ← M9〕 → M8 ▣"
"M9","Mgo Met Pelador s/Doblar S/Marca","Poly","Tallerista","","1","M9","Mgo Met Pelador s/Doblar S/Marca","1","Otros","Fleje 20","matriz","Fleje 20 → 〔Mat 3B (Corte y Estampado Mango Pelador Sin Marca)〕 → M9 ▣"
"M10","Mgo Met Pelador s/Doblar C/Marca","Poly","Tallerista","","1","M10","Mgo Met Pelador s/Doblar C/Marca","1","Otros","Fleje 20","matriz","Fleje 20 → 〔Mat 3 (Corte y Estampado Mango pela)〕 → M10 ▣"
"Toch","Tochos p/Ajustar","","Tallerista","","1","F7","Arandela Gde Afila Zinc.","1","Otros","(loop: F7)","loop","(loop: F7) → 〔F7〕 → 〔Toch ← Tallerista ← F7〕 → 〔Toch〕 → 〔F7 ← Tallerista ← Toch〕 → F7 ▣"
"V3C","Rem. Sacatapita Niq SC (crudo Martin)","Martin","Tallerista","","1","V3C","Rem. Sacatapita Niq SC","1","Remaches","📦 Comprado (Remaches) — Bella Vista","compra_remache","📦 Comprado (Remaches) — Bella Vista → V3C ▣"
"V9","Abrelata - Componente Remache","Martin / Carlos","Tallerista","","1","V9","Remache uña niq.","1","Remaches","📦 Comprado (Remaches) — Bella Vista","compra_remache","📦 Comprado (Remaches) — Bella Vista → 〔Guazzaroni (Niquelado)〕 → V9 ▣"
"X1","Cuchilla Pelapapa Abierta","Martin","Tallerista","","1","X1","Cuchilla Pelapapa Abierta","1","Otros","Fleje 19","matriz","Fleje 19 → 〔Mat 1 (Corte Cuchilla Pelador)〕 → X1 ▣"
"X5","Cuchilla Pelapapa Doblada","Martin","Tallerista","","1","X1","Cuchilla Pelapapa Abierta","1","Otros","Fleje 19","matriz","Fleje 19 → 〔Mat 1 (Corte Cuchilla Pelador)〕 → X1 ▣"